received_at,device_id,f_port,rssi,snr,payload_json
2025-09-18 00:08:53.479836435+00:00,dds75-lb-06,2,-55,10.0,"{""Bat"": 3.343, ""Distance_mm"": 689, ""Interrupt_flag"": 0, ""Node_type"": ""DDS75-LB"", ""Sensor_flag"": 1, ""TempC_DS18B20"": 32.76}"
2025-09-18 00:28:53.252329861+00:00,dds75-lb-06,2,-57,10.5,"{""Bat"": 3.343, ""Distance_mm"": 689, ""Interrupt_flag"": 0, ""Node_type"": ""DDS75-LB"", ""Sensor_flag"": 1, ""TempC_DS18B20"": 32.76}"
2025-09-18 00:48:53.021457720+00:00,dds75-lb-06,2,-55,9.5,"{""Bat"": 3.343, ""Distance_mm"": 689, ""Interrupt_flag"": 0, ""Node_type"": ""DDS75-LB"", ""Sensor_flag"": 1, ""TempC_DS18B20"": 32.76}"
2025-09-18 01:08:52.777993409+00:00,dds75-lb-06,2,-54,10.25,"{""Bat"": 3.343, ""Distance_mm"": 689, ""Interrupt_flag"": 0, ""Node_type"": ""DDS75-LB"", ""Sensor_flag"": 1, ""TempC_DS18B20"": 32.76}"
2025-09-18 01:28:52.567946875+00:00,dds75-lb-06,2,-55,9.75,"{""Bat"": 3.343, ""Distance_mm"": 689, ""Interrupt_flag"": 0, ""Node_type"": ""DDS75-LB"", ""Sensor_flag"": 1, ""TempC_DS18B20"": 32.76}"
2025-09-18 01:48:52.336069351+00:00,dds75-lb-06,2,-120,-4.75,"{""Bat"": 3.343, ""Distance_mm"": 689, ""Interrupt_flag"": 0, ""Node_type"": ""DDS75-LB"", ""Sensor_flag"": 1, ""TempC_DS18B20"": 32.76}"
2025-09-18 02:08:52.098445997+00:00,dds75-lb-06,2,-118,-2.25,"{""Bat"": 3.343, ""Distance_mm"": 689, ""Interrupt_flag"": 0, ""Node_type"": ""DDS75-LB"", ""Sensor_flag"": 1, ""TempC_DS18B20"": 32.76}"
2025-09-18 02:28:51.942727113+00:00,dds75-lb-06,2,-43,7.0,"{""Bat"": 3.343, ""Distance_mm"": 689, ""Interrupt_flag"": 0, ""Node_type"": ""DDS75-LB"", ""Sensor_flag"": 1, ""TempC_DS18B20"": 32.76}"
2025-09-18 02:48:51.638219914+00:00,dds75-lb-06,2,-41,9.75,"{""Bat"": 3.343, ""Distance_mm"": 689, ""Interrupt_flag"": 0, ""Node_type"": ""DDS75-LB"", ""Sensor_flag"": 1, ""TempC_DS18B20"": 32.76}"
2025-09-18 03:08:51.414948628+00:00,dds75-lb-06,2,-120,-5.25,"{""Bat"": 3.343, ""Distance_mm"": 689, ""Interrupt_flag"": 0, ""Node_type"": ""DDS75-LB"", ""Sensor_flag"": 1, ""TempC_DS18B20"": 32.76}"
2025-09-18 03:28:51.197928045+00:00,dds75-lb-06,2,-41,8.25,"{""Bat"": 3.343, ""Distance_mm"": 689, ""Interrupt_flag"": 0, ""Node_type"": ""DDS75-LB"", ""Sensor_flag"": 1, ""TempC_DS18B20"": 32.76}"
2025-09-18 03:48:50.939418423+00:00,dds75-lb-06,2,-41,10.0,"{""Bat"": 3.343, ""Distance_mm"": 689, ""Interrupt_flag"": 0, ""Node_type"": ""DDS75-LB"", ""Sensor_flag"": 1, ""TempC_DS18B20"": 32.76}"
2025-09-18 04:08:50.711228231+00:00,dds75-lb-06,2,-42,9.75,"{""Bat"": 3.343, ""Distance_mm"": 689, ""Interrupt_flag"": 0, ""Node_type"": ""DDS75-LB"", ""Sensor_flag"": 1, ""TempC_DS18B20"": 32.76}"
2025-09-18 04:28:50.487213569+00:00,dds75-lb-06,2,-114,-6.0,"{""Bat"": 3.343, ""Distance_mm"": 689, ""Interrupt_flag"": 0, ""Node_type"": ""DDS75-LB"", ""Sensor_flag"": 1, ""TempC_DS18B20"": 32.76}"
2025-09-18 04:48:50.253128801+00:00,dds75-lb-06,2,-41,9.75,"{""Bat"": 3.343, ""Distance_mm"": 689, ""Interrupt_flag"": 0, ""Node_type"": ""DDS75-LB"", ""Sensor_flag"": 1, ""TempC_DS18B20"": 32.76}"
2025-09-18 05:08:50.032532842+00:00,dds75-lb-06,2,-40,8.25,"{""Bat"": 3.343, ""Distance_mm"": 689, ""Interrupt_flag"": 0, ""Node_type"": ""DDS75-LB"", ""Sensor_flag"": 1, ""TempC_DS18B20"": 32.76}"
2025-09-18 05:28:49.782349852+00:00,dds75-lb-06,2,-43,9.0,"{""Bat"": 3.343, ""Distance_mm"": 689, ""Interrupt_flag"": 0, ""Node_type"": ""DDS75-LB"", ""Sensor_flag"": 1, ""TempC_DS18B20"": 32.76}"
2025-09-18 05:48:49.557769194+00:00,dds75-lb-06,2,-45,10.25,"{""Bat"": 3.343, ""Distance_mm"": 689, ""Interrupt_flag"": 0, ""Node_type"": ""DDS75-LB"", ""Sensor_flag"": 1, ""TempC_DS18B20"": 32.76}"
2025-09-18 06:08:49.335718638+00:00,dds75-lb-06,2,-43,7.25,"{""Bat"": 3.343, ""Distance_mm"": 689, ""Interrupt_flag"": 0, ""Node_type"": ""DDS75-LB"", ""Sensor_flag"": 1, ""TempC_DS18B20"": 32.76}"
2025-09-18 06:28:49.123149319+00:00,dds75-lb-06,2,-43,7.5,"{""Bat"": 3.343, ""Distance_mm"": 689, ""Interrupt_flag"": 0, ""Node_type"": ""DDS75-LB"", ""Sensor_flag"": 1, ""TempC_DS18B20"": 32.76}"
2025-09-18 06:48:48.875566267+00:00,dds75-lb-06,2,-42,8.75,"{""Bat"": 3.343, ""Distance_mm"": 689, ""Interrupt_flag"": 0, ""Node_type"": ""DDS75-LB"", ""Sensor_flag"": 1, ""TempC_DS18B20"": 32.76}"
2025-09-18 07:08:48.637683054+00:00,dds75-lb-06,2,-118,-1.75,"{""Bat"": 3.343, ""Distance_mm"": 689, ""Interrupt_flag"": 0, ""Node_type"": ""DDS75-LB"", ""Sensor_flag"": 1, ""TempC_DS18B20"": 32.76}"
2025-09-18 07:28:48.409111522+00:00,dds75-lb-06,2,-42,9.5,"{""Bat"": 3.343, ""Distance_mm"": 689, ""Interrupt_flag"": 0, ""Node_type"": ""DDS75-LB"", ""Sensor_flag"": 1, ""TempC_DS18B20"": 32.76}"
2025-09-18 07:48:48.179932159+00:00,dds75-lb-06,2,-42,9.5,"{""Bat"": 3.343, ""Distance_mm"": 689, ""Interrupt_flag"": 0, ""Node_type"": ""DDS75-LB"", ""Sensor_flag"": 1, ""TempC_DS18B20"": 32.76}"
2025-09-18 08:08:47.940125709+00:00,dds75-lb-06,2,-114,1.25,"{""Bat"": 3.343, ""Distance_mm"": 689, ""Interrupt_flag"": 0, ""Node_type"": ""DDS75-LB"", ""Sensor_flag"": 1, ""TempC_DS18B20"": 32.76}"
2025-09-18 08:28:47.732628481+00:00,dds75-lb-06,2,-41,9.25,"{""Bat"": 3.343, ""Distance_mm"": 689, ""Interrupt_flag"": 0, ""Node_type"": ""DDS75-LB"", ""Sensor_flag"": 1, ""TempC_DS18B20"": 32.76}"
2025-09-18 08:48:47.492914585+00:00,dds75-lb-06,2,-40,7.5,"{""Bat"": 3.343, ""Distance_mm"": 689, ""Interrupt_flag"": 0, ""Node_type"": ""DDS75-LB"", ""Sensor_flag"": 1, ""TempC_DS18B20"": 32.76}"
2025-09-18 09:08:47.254869839+00:00,dds75-lb-06,2,-112,2.75,"{""Bat"": 3.343, ""Distance_mm"": 689, ""Interrupt_flag"": 0, ""Node_type"": ""DDS75-LB"", ""Sensor_flag"": 1, ""TempC_DS18B20"": 32.76}"
2025-09-18 09:28:47.020082525+00:00,dds75-lb-06,2,-43,10.25,"{""Bat"": 3.343, ""Distance_mm"": 689, ""Interrupt_flag"": 0, ""Node_type"": ""DDS75-LB"", ""Sensor_flag"": 1, ""TempC_DS18B20"": 32.76}"
2025-09-18 09:48:46.800888587+00:00,dds75-lb-06,2,-42,9.25,"{""Bat"": 3.343, ""Distance_mm"": 689, ""Interrupt_flag"": 0, ""Node_type"": ""DDS75-LB"", ""Sensor_flag"": 1, ""TempC_DS18B20"": 32.76}"
2025-09-18 10:08:46.565964669+00:00,dds75-lb-06,2,-114,-1.25,"{""Bat"": 3.343, ""Distance_mm"": 689, ""Interrupt_flag"": 0, ""Node_type"": ""DDS75-LB"", ""Sensor_flag"": 1, ""TempC_DS18B20"": 32.76}"
2025-09-18 10:28:46.331623067+00:00,dds75-lb-06,2,-41,7.0,"{""Bat"": 3.343, ""Distance_mm"": 689, ""Interrupt_flag"": 0, ""Node_type"": ""DDS75-LB"", ""Sensor_flag"": 1, ""TempC_DS18B20"": 32.76}"
2025-09-18 10:48:46.099162489+00:00,dds75-lb-06,2,-43,8.75,"{""Bat"": 3.343, ""Distance_mm"": 689, ""Interrupt_flag"": 0, ""Node_type"": ""DDS75-LB"", ""Sensor_flag"": 1, ""TempC_DS18B20"": 32.76}"
2025-09-18 11:08:45.859357008+00:00,dds75-lb-06,2,-43,9.5,"{""Bat"": 3.343, ""Distance_mm"": 689, ""Interrupt_flag"": 0, ""Node_type"": ""DDS75-LB"", ""Sensor_flag"": 1, ""TempC_DS18B20"": 32.76}"
2025-09-18 11:28:45.635243311+00:00,dds75-lb-06,2,-41,8.0,"{""Bat"": 3.343, ""Distance_mm"": 689, ""Interrupt_flag"": 0, ""Node_type"": ""DDS75-LB"", ""Sensor_flag"": 1, ""TempC_DS18B20"": 32.76}"
2025-09-18 11:48:45.387204627+00:00,dds75-lb-06,2,-41,9.25,"{""Bat"": 3.343, ""Distance_mm"": 689, ""Interrupt_flag"": 0, ""Node_type"": ""DDS75-LB"", ""Sensor_flag"": 1, ""TempC_DS18B20"": 32.76}"
2025-09-18 12:08:45.164605154+00:00,dds75-lb-06,2,-42,7.25,"{""Bat"": 3.343, ""Distance_mm"": 689, ""Interrupt_flag"": 0, ""Node_type"": ""DDS75-LB"", ""Sensor_flag"": 1, ""TempC_DS18B20"": 32.76}"
2025-09-18 12:28:44.953440274+00:00,dds75-lb-06,2,-44,10.5,"{""Bat"": 3.343, ""Distance_mm"": 689, ""Interrupt_flag"": 0, ""Node_type"": ""DDS75-LB"", ""Sensor_flag"": 1, ""TempC_DS18B20"": 32.76}"
2025-09-18 12:48:44.701033585+00:00,dds75-lb-06,2,-44,8.75,"{""Bat"": 3.343, ""Distance_mm"": 690, ""Interrupt_flag"": 0, ""Node_type"": ""DDS75-LB"", ""Sensor_flag"": 1, ""TempC_DS18B20"": 32.76}"
2025-09-18 13:08:44.475950524+00:00,dds75-lb-06,2,-114,1.25,"{""Bat"": 3.343, ""Distance_mm"": 690, ""Interrupt_flag"": 0, ""Node_type"": ""DDS75-LB"", ""Sensor_flag"": 1, ""TempC_DS18B20"": 32.76}"
2025-09-18 13:28:44.256742249+00:00,dds75-lb-06,2,-41,10.0,"{""Bat"": 3.343, ""Distance_mm"": 689, ""Interrupt_flag"": 0, ""Node_type"": ""DDS75-LB"", ""Sensor_flag"": 1, ""TempC_DS18B20"": 32.76}"
2025-09-18 13:48:44.007833165+00:00,dds75-lb-06,2,-116,-1.75,"{""Bat"": 3.343, ""Distance_mm"": 689, ""Interrupt_flag"": 0, ""Node_type"": ""DDS75-LB"", ""Sensor_flag"": 1, ""TempC_DS18B20"": 32.76}"
2025-09-18 14:08:43.790871515+00:00,dds75-lb-06,2,-41,9.75,"{""Bat"": 3.343, ""Distance_mm"": 689, ""Interrupt_flag"": 0, ""Node_type"": ""DDS75-LB"", ""Sensor_flag"": 1, ""TempC_DS18B20"": 32.76}"
2025-09-18 14:28:43.549190056+00:00,dds75-lb-06,2,-42,10.0,"{""Bat"": 3.343, ""Distance_mm"": 689, ""Interrupt_flag"": 0, ""Node_type"": ""DDS75-LB"", ""Sensor_flag"": 1, ""TempC_DS18B20"": 32.76}"
2025-09-18 14:48:43.355451155+00:00,dds75-lb-06,2,-113,1.25,"{""Bat"": 3.343, ""Distance_mm"": 689, ""Interrupt_flag"": 0, ""Node_type"": ""DDS75-LB"", ""Sensor_flag"": 1, ""TempC_DS18B20"": 32.76}"
2025-09-18 15:08:43.086836911+00:00,dds75-lb-06,2,-41,9.5,"{""Bat"": 3.343, ""Distance_mm"": 690, ""Interrupt_flag"": 0, ""Node_type"": ""DDS75-LB"", ""Sensor_flag"": 1, ""TempC_DS18B20"": 32.76}"
2025-09-18 15:28:42.854814387+00:00,dds75-lb-06,2,-43,10.0,"{""Bat"": 3.343, ""Distance_mm"": 690, ""Interrupt_flag"": 0, ""Node_type"": ""DDS75-LB"", ""Sensor_flag"": 1, ""TempC_DS18B20"": 32.76}"
2025-09-18 15:48:42.621143052+00:00,dds75-lb-06,2,-42,9.0,"{""Bat"": 3.343, ""Distance_mm"": 690, ""Interrupt_flag"": 0, ""Node_type"": ""DDS75-LB"", ""Sensor_flag"": 1, ""TempC_DS18B20"": 32.76}"
2025-09-18 16:08:42.393762107+00:00,dds75-lb-06,2,-43,9.5,"{""Bat"": 3.343, ""Distance_mm"": 690, ""Interrupt_flag"": 0, ""Node_type"": ""DDS75-LB"", ""Sensor_flag"": 1, ""TempC_DS18B20"": 32.76}"
2025-09-18 16:28:42.170134328+00:00,dds75-lb-06,2,-44,10.25,"{""Bat"": 3.343, ""Distance_mm"": 690, ""Interrupt_flag"": 0, ""Node_type"": ""DDS75-LB"", ""Sensor_flag"": 1, ""TempC_DS18B20"": 32.76}"
2025-09-18 16:48:41.950510473+00:00,dds75-lb-06,2,-43,7.5,"{""Bat"": 3.343, ""Distance_mm"": 689, ""Interrupt_flag"": 0, ""Node_type"": ""DDS75-LB"", ""Sensor_flag"": 1, ""TempC_DS18B20"": 32.76}"
2025-09-18 17:08:41.694003590+00:00,dds75-lb-06,2,-118,-4.75,"{""Bat"": 3.343, ""Distance_mm"": 689, ""Interrupt_flag"": 0, ""Node_type"": ""DDS75-LB"", ""Sensor_flag"": 1, ""TempC_DS18B20"": 32.76}"
2025-09-18 17:28:41.470633779+00:00,dds75-lb-06,2,-116,,"{""Bat"": 3.343, ""Distance_mm"": 689, ""Interrupt_flag"": 0, ""Node_type"": ""DDS75-LB"", ""Sensor_flag"": 1, ""TempC_DS18B20"": 32.76}"
2025-09-18 17:48:41.237456929+00:00,dds75-lb-06,2,-43,9.25,"{""Bat"": 3.343, ""Distance_mm"": 689, ""Interrupt_flag"": 0, ""Node_type"": ""DDS75-LB"", ""Sensor_flag"": 1, ""TempC_DS18B20"": 32.76}"
2025-09-18 18:08:40.998829081+00:00,dds75-lb-06,2,-44,8.75,"{""Bat"": 3.343, ""Distance_mm"": 689, ""Interrupt_flag"": 0, ""Node_type"": ""DDS75-LB"", ""Sensor_flag"": 1, ""TempC_DS18B20"": 32.76}"
2025-09-18 18:28:40.790262569+00:00,dds75-lb-06,2,-44,9.75,"{""Bat"": 3.343, ""Distance_mm"": 689, ""Interrupt_flag"": 0, ""Node_type"": ""DDS75-LB"", ""Sensor_flag"": 1, ""TempC_DS18B20"": 32.76}"
2025-09-18 18:48:40.558173730+00:00,dds75-lb-06,2,-42,9.75,"{""Bat"": 3.343, ""Distance_mm"": 689, ""Interrupt_flag"": 0, ""Node_type"": ""DDS75-LB"", ""Sensor_flag"": 1, ""TempC_DS18B20"": 32.76}"
2025-09-18 19:08:40.320448474+00:00,dds75-lb-06,2,-45,9.75,"{""Bat"": 3.343, ""Distance_mm"": 689, ""Interrupt_flag"": 0, ""Node_type"": ""DDS75-LB"", ""Sensor_flag"": 1, ""TempC_DS18B20"": 32.76}"
2025-09-18 19:28:40.087028019+00:00,dds75-lb-06,2,-39,9.25,"{""Bat"": 3.343, ""Distance_mm"": 689, ""Interrupt_flag"": 0, ""Node_type"": ""DDS75-LB"", ""Sensor_flag"": 1, ""TempC_DS18B20"": 32.76}"
2025-09-18 19:48:39.849082931+00:00,dds75-lb-06,2,-41,10.25,"{""Bat"": 3.343, ""Distance_mm"": 689, ""Interrupt_flag"": 0, ""Node_type"": ""DDS75-LB"", ""Sensor_flag"": 1, ""TempC_DS18B20"": 32.76}"
2025-09-18 20:08:39.646387256+00:00,dds75-lb-06,2,-43,9.75,"{""Bat"": 3.343, ""Distance_mm"": 689, ""Interrupt_flag"": 0, ""Node_type"": ""DDS75-LB"", ""Sensor_flag"": 1, ""TempC_DS18B20"": 32.76}"
2025-09-18 20:28:39.403999936+00:00,dds75-lb-06,2,-42,9.25,"{""Bat"": 3.343, ""Distance_mm"": 689, ""Interrupt_flag"": 0, ""Node_type"": ""DDS75-LB"", ""Sensor_flag"": 1, ""TempC_DS18B20"": 32.76}"
2025-09-18 20:48:39.163156881+00:00,dds75-lb-06,2,-119,-2.75,"{""Bat"": 3.343, ""Distance_mm"": 689, ""Interrupt_flag"": 0, ""Node_type"": ""DDS75-LB"", ""Sensor_flag"": 1, ""TempC_DS18B20"": 32.76}"
2025-09-18 21:08:38.928358994+00:00,dds75-lb-06,2,-43,10.75,"{""Bat"": 3.343, ""Distance_mm"": 689, ""Interrupt_flag"": 0, ""Node_type"": ""DDS75-LB"", ""Sensor_flag"": 1, ""TempC_DS18B20"": 32.76}"
2025-09-18 21:28:38.708127305+00:00,dds75-lb-06,2,-43,9.5,"{""Bat"": 3.343, ""Distance_mm"": 689, ""Interrupt_flag"": 0, ""Node_type"": ""DDS75-LB"", ""Sensor_flag"": 1, ""TempC_DS18B20"": 32.76}"
2025-09-18 21:48:38.471788285+00:00,dds75-lb-06,2,-123,-6.75,"{""Bat"": 3.343, ""Distance_mm"": 689, ""Interrupt_flag"": 0, ""Node_type"": ""DDS75-LB"", ""Sensor_flag"": 1, ""TempC_DS18B20"": 32.76}"
2025-09-18 22:08:38.234476263+00:00,dds75-lb-06,2,-118,-3.0,"{""Bat"": 3.343, ""Distance_mm"": 689, ""Interrupt_flag"": 0, ""Node_type"": ""DDS75-LB"", ""Sensor_flag"": 1, ""TempC_DS18B20"": 32.76}"
2025-09-18 22:28:38.007742488+00:00,dds75-lb-06,2,-41,10.5,"{""Bat"": 3.343, ""Distance_mm"": 689, ""Interrupt_flag"": 0, ""Node_type"": ""DDS75-LB"", ""Sensor_flag"": 1, ""TempC_DS18B20"": 32.76}"
2025-09-18 22:48:37.772049257+00:00,dds75-lb-06,2,-42,7.5,"{""Bat"": 3.343, ""Distance_mm"": 689, ""Interrupt_flag"": 0, ""Node_type"": ""DDS75-LB"", ""Sensor_flag"": 1, ""TempC_DS18B20"": 32.76}"
2025-09-18 23:08:37.541291915+00:00,dds75-lb-06,2,-43,10.0,"{""Bat"": 3.343, ""Distance_mm"": 689, ""Interrupt_flag"": 0, ""Node_type"": ""DDS75-LB"", ""Sensor_flag"": 1, ""TempC_DS18B20"": 32.76}"
2025-09-18 23:28:37.314827003+00:00,dds75-lb-06,2,-119,-7.0,"{""Bat"": 3.343, ""Distance_mm"": 689, ""Interrupt_flag"": 0, ""Node_type"": ""DDS75-LB"", ""Sensor_flag"": 1, ""TempC_DS18B20"": 32.76}"
2025-09-18 23:48:37.069467457+00:00,dds75-lb-06,2,-43,7.5,"{""Bat"": 3.343, ""Distance_mm"": 689, ""Interrupt_flag"": 0, ""Node_type"": ""DDS75-LB"", ""Sensor_flag"": 1, ""TempC_DS18B20"": 32.76}"
2025-09-19 00:08:36.858129138+00:00,dds75-lb-06,2,-42,10.0,"{""Bat"": 3.343, ""Distance_mm"": 689, ""Interrupt_flag"": 0, ""Node_type"": ""DDS75-LB"", ""Sensor_flag"": 1, ""TempC_DS18B20"": 32.76}"
2025-09-19 00:28:36.628582234+00:00,dds75-lb-06,2,-44,10.0,"{""Bat"": 3.343, ""Distance_mm"": 689, ""Interrupt_flag"": 0, ""Node_type"": ""DDS75-LB"", ""Sensor_flag"": 1, ""TempC_DS18B20"": 32.76}"
2025-09-19 00:48:36.389759676+00:00,dds75-lb-06,2,-43,7.5,"{""Bat"": 3.343, ""Distance_mm"": 689, ""Interrupt_flag"": 0, ""Node_type"": ""DDS75-LB"", ""Sensor_flag"": 1, ""TempC_DS18B20"": 32.76}"
2025-09-19 01:08:36.169561523+00:00,dds75-lb-06,2,-41,9.25,"{""Bat"": 3.343, ""Distance_mm"": 689, ""Interrupt_flag"": 0, ""Node_type"": ""DDS75-LB"", ""Sensor_flag"": 1, ""TempC_DS18B20"": 32.76}"
2025-09-19 01:28:35.929864106+00:00,dds75-lb-06,2,-43,7.5,"{""Bat"": 3.343, ""Distance_mm"": 688, ""Interrupt_flag"": 0, ""Node_type"": ""DDS75-LB"", ""Sensor_flag"": 1, ""TempC_DS18B20"": 32.76}"
2025-09-19 01:48:35.692756406+00:00,dds75-lb-06,2,-121,-4.5,"{""Bat"": 3.343, ""Distance_mm"": 685, ""Interrupt_flag"": 0, ""Node_type"": ""DDS75-LB"", ""Sensor_flag"": 1, ""TempC_DS18B20"": 32.76}"
2025-09-19 02:08:35.468944811+00:00,dds75-lb-06,2,-42,8.75,"{""Bat"": 3.343, ""Distance_mm"": 685, ""Interrupt_flag"": 0, ""Node_type"": ""DDS75-LB"", ""Sensor_flag"": 1, ""TempC_DS18B20"": 32.76}"
2025-09-19 02:28:35.236312186+00:00,dds75-lb-06,2,-42,9.5,"{""Bat"": 3.343, ""Distance_mm"": 685, ""Interrupt_flag"": 0, ""Node_type"": ""DDS75-LB"", ""Sensor_flag"": 1, ""TempC_DS18B20"": 32.76}"
2025-09-19 02:48:34.994021559+00:00,dds75-lb-06,2,-42,9.25,"{""Bat"": 3.343, ""Distance_mm"": 685, ""Interrupt_flag"": 0, ""Node_type"": ""DDS75-LB"", ""Sensor_flag"": 1, ""TempC_DS18B20"": 32.76}"
2025-09-19 03:08:34.765235852+00:00,dds75-lb-06,2,-44,10.75,"{""Bat"": 3.343, ""Distance_mm"": 684, ""Interrupt_flag"": 0, ""Node_type"": ""DDS75-LB"", ""Sensor_flag"": 1, ""TempC_DS18B20"": 32.76}"
2025-09-19 03:28:34.541766492+00:00,dds75-lb-06,2,-39,9.25,"{""Bat"": 3.343, ""Distance_mm"": 684, ""Interrupt_flag"": 0, ""Node_type"": ""DDS75-LB"", ""Sensor_flag"": 1, ""TempC_DS18B20"": 32.76}"
2025-09-19 03:48:34.311822201+00:00,dds75-lb-06,2,-41,7.75,"{""Bat"": 3.343, ""Distance_mm"": 684, ""Interrupt_flag"": 0, ""Node_type"": ""DDS75-LB"", ""Sensor_flag"": 1, ""TempC_DS18B20"": 32.76}"
2025-09-19 04:08:34.080495053+00:00,dds75-lb-06,2,-42,9.25,"{""Bat"": 3.343, ""Distance_mm"": 684, ""Interrupt_flag"": 0, ""Node_type"": ""DDS75-LB"", ""Sensor_flag"": 1, ""TempC_DS18B20"": 32.76}"
2025-09-19 04:28:33.849099280+00:00,dds75-lb-06,2,-42,11.0,"{""Bat"": 3.343, ""Distance_mm"": 684, ""Interrupt_flag"": 0, ""Node_type"": ""DDS75-LB"", ""Sensor_flag"": 1, ""TempC_DS18B20"": 32.76}"
2025-09-19 04:48:33.610286031+00:00,dds75-lb-06,2,-43,10.25,"{""Bat"": 3.343, ""Distance_mm"": 686, ""Interrupt_flag"": 0, ""Node_type"": ""DDS75-LB"", ""Sensor_flag"": 1, ""TempC_DS18B20"": 32.76}"
2025-09-19 05:08:33.390772686+00:00,dds75-lb-06,2,-41,9.0,"{""Bat"": 3.343, ""Distance_mm"": 685, ""Interrupt_flag"": 0, ""Node_type"": ""DDS75-LB"", ""Sensor_flag"": 1, ""TempC_DS18B20"": 32.76}"
2025-09-19 05:28:33.163355083+00:00,dds75-lb-06,2,-42,9.75,"{""Bat"": 3.343, ""Distance_mm"": 685, ""Interrupt_flag"": 0, ""Node_type"": ""DDS75-LB"", ""Sensor_flag"": 1, ""TempC_DS18B20"": 32.76}"
2025-09-19 05:48:32.930297231+00:00,dds75-lb-06,2,-44,10.25,"{""Bat"": 3.343, ""Distance_mm"": 685, ""Interrupt_flag"": 0, ""Node_type"": ""DDS75-LB"", ""Sensor_flag"": 1, ""TempC_DS18B20"": 32.76}"
2025-09-19 06:08:32.684288808+00:00,dds75-lb-06,2,-43,7.5,"{""Bat"": 3.343, ""Distance_mm"": 685, ""Interrupt_flag"": 0, ""Node_type"": ""DDS75-LB"", ""Sensor_flag"": 1, ""TempC_DS18B20"": 32.76}"
2025-09-19 06:28:32.466197820+00:00,dds75-lb-06,2,-119,-3.75,"{""Bat"": 3.343, ""Distance_mm"": 689, ""Interrupt_flag"": 0, ""Node_type"": ""DDS75-LB"", ""Sensor_flag"": 1, ""TempC_DS18B20"": 32.76}"
2025-09-19 06:48:32.239010262+00:00,dds75-lb-06,2,-40,9.25,"{""Bat"": 3.343, ""Distance_mm"": 689, ""Interrupt_flag"": 0, ""Node_type"": ""DDS75-LB"", ""Sensor_flag"": 1, ""TempC_DS18B20"": 32.76}"
2025-09-19 07:08:32.018781837+00:00,dds75-lb-06,2,-41,8.5,"{""Bat"": 3.343, ""Distance_mm"": 689, ""Interrupt_flag"": 0, ""Node_type"": ""DDS75-LB"", ""Sensor_flag"": 1, ""TempC_DS18B20"": 32.76}"
2025-09-19 07:28:31.760996224+00:00,dds75-lb-06,2,-42,9.5,"{""Bat"": 3.343, ""Distance_mm"": 689, ""Interrupt_flag"": 0, ""Node_type"": ""DDS75-LB"", ""Sensor_flag"": 1, ""TempC_DS18B20"": 32.76}"
2025-09-19 07:48:31.538608803+00:00,dds75-lb-06,2,-43,6.75,"{""Bat"": 3.343, ""Distance_mm"": 689, ""Interrupt_flag"": 0, ""Node_type"": ""DDS75-LB"", ""Sensor_flag"": 1, ""TempC_DS18B20"": 32.76}"
2025-09-19 08:08:31.294018911+00:00,dds75-lb-06,2,-42,9.5,"{""Bat"": 3.343, ""Distance_mm"": 689, ""Interrupt_flag"": 0, ""Node_type"": ""DDS75-LB"", ""Sensor_flag"": 1, ""TempC_DS18B20"": 32.76}"
2025-09-19 08:28:31.097594949+00:00,dds75-lb-06,2,-45,10.0,"{""Bat"": 3.343, ""Distance_mm"": 689, ""Interrupt_flag"": 0, ""Node_type"": ""DDS75-LB"", ""Sensor_flag"": 1, ""TempC_DS18B20"": 32.76}"
2025-09-19 08:48:30.845323963+00:00,dds75-lb-06,2,-113,3.0,"{""Bat"": 3.343, ""Distance_mm"": 689, ""Interrupt_flag"": 0, ""Node_type"": ""DDS75-LB"", ""Sensor_flag"": 1, ""TempC_DS18B20"": 32.76}"
2025-09-19 09:08:30.612142829+00:00,dds75-lb-06,2,-39,7.75,"{""Bat"": 3.343, ""Distance_mm"": 689, ""Interrupt_flag"": 0, ""Node_type"": ""DDS75-LB"", ""Sensor_flag"": 1, ""TempC_DS18B20"": 32.76}"
2025-09-19 09:28:30.373297817+00:00,dds75-lb-06,2,-41,9.25,"{""Bat"": 3.343, ""Distance_mm"": 689, ""Interrupt_flag"": 0, ""Node_type"": ""DDS75-LB"", ""Sensor_flag"": 1, ""TempC_DS18B20"": 32.76}"
2025-09-19 09:48:30.160163526+00:00,dds75-lb-06,2,-42,10.0,"{""Bat"": 3.343, ""Distance_mm"": 689, ""Interrupt_flag"": 0, ""Node_type"": ""DDS75-LB"", ""Sensor_flag"": 1, ""TempC_DS18B20"": 32.76}"
2025-09-19 10:08:29.922787456+00:00,dds75-lb-06,2,-45,10.25,"{""Bat"": 3.343, ""Distance_mm"": 689, ""Interrupt_flag"": 0, ""Node_type"": ""DDS75-LB"", ""Sensor_flag"": 1, ""TempC_DS18B20"": 32.76}"
2025-09-19 10:28:29.691702696+00:00,dds75-lb-06,2,-43,7.25,"{""Bat"": 3.343, ""Distance_mm"": 689, ""Interrupt_flag"": 0, ""Node_type"": ""DDS75-LB"", ""Sensor_flag"": 1, ""TempC_DS18B20"": 32.76}"
2025-09-19 10:48:29.459629544+00:00,dds75-lb-06,2,-41,8.75,"{""Bat"": 3.343, ""Distance_mm"": 689, ""Interrupt_flag"": 0, ""Node_type"": ""DDS75-LB"", ""Sensor_flag"": 1, ""TempC_DS18B20"": 32.76}"
2025-09-19 11:08:29.230480334+00:00,dds75-lb-06,2,-44,10.0,"{""Bat"": 3.343, ""Distance_mm"": 689, ""Interrupt_flag"": 0, ""Node_type"": ""DDS75-LB"", ""Sensor_flag"": 1, ""TempC_DS18B20"": 32.76}"
2025-09-19 11:28:29.021951079+00:00,dds75-lb-06,2,-41,7.75,"{""Bat"": 3.343, ""Distance_mm"": 689, ""Interrupt_flag"": 0, ""Node_type"": ""DDS75-LB"", ""Sensor_flag"": 1, ""TempC_DS18B20"": 32.76}"
2025-09-19 11:48:28.771493748+00:00,dds75-lb-06,2,-41,10.0,"{""Bat"": 3.343, ""Distance_mm"": 690, ""Interrupt_flag"": 0, ""Node_type"": ""DDS75-LB"", ""Sensor_flag"": 1, ""TempC_DS18B20"": 32.76}"
2025-09-19 12:08:28.528236596+00:00,dds75-lb-06,2,-43,7.25,"{""Bat"": 3.343, ""Distance_mm"": 690, ""Interrupt_flag"": 0, ""Node_type"": ""DDS75-LB"", ""Sensor_flag"": 1, ""TempC_DS18B20"": 32.76}"
2025-09-19 12:28:28.309756264+00:00,dds75-lb-06,2,-43,10.25,"{""Bat"": 3.343, ""Distance_mm"": 689, ""Interrupt_flag"": 0, ""Node_type"": ""DDS75-LB"", ""Sensor_flag"": 1, ""TempC_DS18B20"": 32.76}"
2025-09-19 12:48:28.069535298+00:00,dds75-lb-06,2,-118,-1.5,"{""Bat"": 3.343, ""Distance_mm"": 689, ""Interrupt_flag"": 0, ""Node_type"": ""DDS75-LB"", ""Sensor_flag"": 1, ""TempC_DS18B20"": 32.76}"
2025-09-19 13:08:27.860044851+00:00,dds75-lb-06,2,-43,10.0,"{""Bat"": 3.343, ""Distance_mm"": 689, ""Interrupt_flag"": 0, ""Node_type"": ""DDS75-LB"", ""Sensor_flag"": 1, ""TempC_DS18B20"": 32.76}"
2025-09-19 13:28:27.609046361+00:00,dds75-lb-06,2,-41,10.0,"{""Bat"": 3.343, ""Distance_mm"": 690, ""Interrupt_flag"": 0, ""Node_type"": ""DDS75-LB"", ""Sensor_flag"": 1, ""TempC_DS18B20"": 32.76}"
2025-09-19 13:48:27.394277934+00:00,dds75-lb-06,2,-43,9.25,"{""Bat"": 3.343, ""Distance_mm"": 690, ""Interrupt_flag"": 0, ""Node_type"": ""DDS75-LB"", ""Sensor_flag"": 1, ""TempC_DS18B20"": 32.76}"
2025-09-19 14:08:27.133161384+00:00,dds75-lb-06,2,-39,9.25,"{""Bat"": 3.343, ""Distance_mm"": 690, ""Interrupt_flag"": 0, ""Node_type"": ""DDS75-LB"", ""Sensor_flag"": 1, ""TempC_DS18B20"": 32.76}"
2025-09-19 14:28:26.911150185+00:00,dds75-lb-06,2,-38,9.5,"{""Bat"": 3.343, ""Distance_mm"": 690, ""Interrupt_flag"": 0, ""Node_type"": ""DDS75-LB"", ""Sensor_flag"": 1, ""TempC_DS18B20"": 32.76}"
2025-09-19 14:48:26.644851295+00:00,dds75-lb-06,2,-117,-2.5,"{""Bat"": 3.343, ""Distance_mm"": 690, ""Interrupt_flag"": 0, ""Node_type"": ""DDS75-LB"", ""Sensor_flag"": 1, ""TempC_DS18B20"": 32.76}"
2025-09-19 15:08:26.453742620+00:00,dds75-lb-06,2,-42,9.25,"{""Bat"": 3.343, ""Distance_mm"": 690, ""Interrupt_flag"": 0, ""Node_type"": ""DDS75-LB"", ""Sensor_flag"": 1, ""TempC_DS18B20"": 32.76}"
2025-09-19 15:28:26.203282032+00:00,dds75-lb-06,2,-43,9.75,"{""Bat"": 3.343, ""Distance_mm"": 690, ""Interrupt_flag"": 0, ""Node_type"": ""DDS75-LB"", ""Sensor_flag"": 1, ""TempC_DS18B20"": 32.76}"
2025-09-19 15:48:25.980676631+00:00,dds75-lb-06,2,-42,9.5,"{""Bat"": 3.343, ""Distance_mm"": 689, ""Interrupt_flag"": 0, ""Node_type"": ""DDS75-LB"", ""Sensor_flag"": 1, ""TempC_DS18B20"": 32.76}"
2025-09-19 16:08:25.757108615+00:00,dds75-lb-06,2,-40,9.25,"{""Bat"": 3.343, ""Distance_mm"": 689, ""Interrupt_flag"": 0, ""Node_type"": ""DDS75-LB"", ""Sensor_flag"": 1, ""TempC_DS18B20"": 32.76}"
2025-09-19 16:28:25.525529814+00:00,dds75-lb-06,2,-43,9.75,"{""Bat"": 3.343, ""Distance_mm"": 689, ""Interrupt_flag"": 0, ""Node_type"": ""DDS75-LB"", ""Sensor_flag"": 1, ""TempC_DS18B20"": 32.76}"
2025-09-19 16:48:25.286552157+00:00,dds75-lb-06,2,-41,8.0,"{""Bat"": 3.343, ""Distance_mm"": 689, ""Interrupt_flag"": 0, ""Node_type"": ""DDS75-LB"", ""Sensor_flag"": 1, ""TempC_DS18B20"": 32.76}"
2025-09-19 17:08:25.061242696+00:00,dds75-lb-06,2,-116,-1.5,"{""Bat"": 3.343, ""Distance_mm"": 689, ""Interrupt_flag"": 0, ""Node_type"": ""DDS75-LB"", ""Sensor_flag"": 1, ""TempC_DS18B20"": 32.76}"
2025-09-19 17:28:24.832641616+00:00,dds75-lb-06,2,-43,7.75,"{""Bat"": 3.343, ""Distance_mm"": 689, ""Interrupt_flag"": 0, ""Node_type"": ""DDS75-LB"", ""Sensor_flag"": 1, ""TempC_DS18B20"": 32.76}"
2025-09-19 17:48:24.600754214+00:00,dds75-lb-06,2,-41,9.0,"{""Bat"": 3.343, ""Distance_mm"": 689, ""Interrupt_flag"": 0, ""Node_type"": ""DDS75-LB"", ""Sensor_flag"": 1, ""TempC_DS18B20"": 32.76}"
2025-09-19 18:08:24.371888397+00:00,dds75-lb-06,2,-43,9.25,"{""Bat"": 3.343, ""Distance_mm"": 689, ""Interrupt_flag"": 0, ""Node_type"": ""DDS75-LB"", ""Sensor_flag"": 1, ""TempC_DS18B20"": 32.76}"
2025-09-19 18:28:24.116681390+00:00,dds75-lb-06,2,-41,7.5,"{""Bat"": 3.343, ""Distance_mm"": 689, ""Interrupt_flag"": 0, ""Node_type"": ""DDS75-LB"", ""Sensor_flag"": 1, ""TempC_DS18B20"": 32.76}"
2025-09-19 18:48:23.906727529+00:00,dds75-lb-06,2,-43,10.25,"{""Bat"": 3.343, ""Distance_mm"": 689, ""Interrupt_flag"": 0, ""Node_type"": ""DDS75-LB"", ""Sensor_flag"": 1, ""TempC_DS18B20"": 32.76}"
2025-09-19 19:08:23.666218225+00:00,dds75-lb-06,2,-42,8.5,"{""Bat"": 3.343, ""Distance_mm"": 689, ""Interrupt_flag"": 0, ""Node_type"": ""DDS75-LB"", ""Sensor_flag"": 1, ""TempC_DS18B20"": 32.76}"
2025-09-19 19:28:23.450441182+00:00,dds75-lb-06,2,-114,1.25,"{""Bat"": 3.343, ""Distance_mm"": 689, ""Interrupt_flag"": 0, ""Node_type"": ""DDS75-LB"", ""Sensor_flag"": 1, ""TempC_DS18B20"": 32.76}"
2025-09-19 19:48:23.217723658+00:00,dds75-lb-06,2,-41,7.25,"{""Bat"": 3.343, ""Distance_mm"": 689, ""Interrupt_flag"": 0, ""Node_type"": ""DDS75-LB"", ""Sensor_flag"": 1, ""TempC_DS18B20"": 32.76}"
2025-09-19 20:08:22.991193533+00:00,dds75-lb-06,2,-43,7.5,"{""Bat"": 3.343, ""Distance_mm"": 689, ""Interrupt_flag"": 0, ""Node_type"": ""DDS75-LB"", ""Sensor_flag"": 1, ""TempC_DS18B20"": 32.76}"
2025-09-19 20:28:22.750686937+00:00,dds75-lb-06,2,-43,9.75,"{""Bat"": 3.343, ""Distance_mm"": 689, ""Interrupt_flag"": 0, ""Node_type"": ""DDS75-LB"", ""Sensor_flag"": 1, ""TempC_DS18B20"": 32.76}"
2025-09-19 20:48:22.509268759+00:00,dds75-lb-06,2,-43,8.75,"{""Bat"": 3.343, ""Distance_mm"": 689, ""Interrupt_flag"": 0, ""Node_type"": ""DDS75-LB"", ""Sensor_flag"": 1, ""TempC_DS18B20"": 32.76}"
2025-09-19 21:08:22.261870529+00:00,dds75-lb-06,2,-43,7.5,"{""Bat"": 3.343, ""Distance_mm"": 689, ""Interrupt_flag"": 0, ""Node_type"": ""DDS75-LB"", ""Sensor_flag"": 1, ""TempC_DS18B20"": 32.76}"
2025-09-19 21:28:22.050777982+00:00,dds75-lb-06,2,-41,10.5,"{""Bat"": 3.343, ""Distance_mm"": 690, ""Interrupt_flag"": 0, ""Node_type"": ""DDS75-LB"", ""Sensor_flag"": 1, ""TempC_DS18B20"": 32.76}"
2025-09-19 21:48:21.812900194+00:00,dds75-lb-06,2,-121,-4.25,"{""Bat"": 3.343, ""Distance_mm"": 689, ""Interrupt_flag"": 0, ""Node_type"": ""DDS75-LB"", ""Sensor_flag"": 1, ""TempC_DS18B20"": 32.76}"
2025-09-19 22:08:21.592512636+00:00,dds75-lb-06,2,-117,-1.75,"{""Bat"": 3.343, ""Distance_mm"": 689, ""Interrupt_flag"": 0, ""Node_type"": ""DDS75-LB"", ""Sensor_flag"": 1, ""TempC_DS18B20"": 32.76}"
2025-09-19 22:28:21.368218411+00:00,dds75-lb-06,2,-39,7.25,"{""Bat"": 3.343, ""Distance_mm"": 689, ""Interrupt_flag"": 0, ""Node_type"": ""DDS75-LB"", ""Sensor_flag"": 1, ""TempC_DS18B20"": 32.76}"
2025-09-19 22:48:21.130867548+00:00,dds75-lb-06,2,-116,0.75,"{""Bat"": 3.343, ""Distance_mm"": 689, ""Interrupt_flag"": 0, ""Node_type"": ""DDS75-LB"", ""Sensor_flag"": 1, ""TempC_DS18B20"": 32.76}"
2025-09-19 23:08:20.895857551+00:00,dds75-lb-06,2,-43,10.5,"{""Bat"": 3.343, ""Distance_mm"": 689, ""Interrupt_flag"": 0, ""Node_type"": ""DDS75-LB"", ""Sensor_flag"": 1, ""TempC_DS18B20"": 32.76}"
2025-09-19 23:28:20.666228534+00:00,dds75-lb-06,2,-116,0.25,"{""Bat"": 3.343, ""Distance_mm"": 685, ""Interrupt_flag"": 0, ""Node_type"": ""DDS75-LB"", ""Sensor_flag"": 1, ""TempC_DS18B20"": 32.76}"
2025-09-19 23:48:20.430670251+00:00,dds75-lb-06,2,-115,,"{""Bat"": 3.343, ""Distance_mm"": 685, ""Interrupt_flag"": 0, ""Node_type"": ""DDS75-LB"", ""Sensor_flag"": 1, ""TempC_DS18B20"": 32.76}"
2025-09-20 00:08:20.206120305+00:00,dds75-lb-06,2,-121,-4.5,"{""Bat"": 3.343, ""Distance_mm"": 685, ""Interrupt_flag"": 0, ""Node_type"": ""DDS75-LB"", ""Sensor_flag"": 1, ""TempC_DS18B20"": 32.76}"
2025-09-20 00:28:19.971499171+00:00,dds75-lb-06,2,-114,2.0,"{""Bat"": 3.343, ""Distance_mm"": 685, ""Interrupt_flag"": 0, ""Node_type"": ""DDS75-LB"", ""Sensor_flag"": 1, ""TempC_DS18B20"": 32.76}"
2025-09-20 00:48:19.739589035+00:00,dds75-lb-06,2,-117,-1.75,"{""Bat"": 3.343, ""Distance_mm"": 684, ""Interrupt_flag"": 0, ""Node_type"": ""DDS75-LB"", ""Sensor_flag"": 1, ""TempC_DS18B20"": 32.76}"
2025-09-20 01:08:19.510557308+00:00,dds75-lb-06,2,-121,-5.5,"{""Bat"": 3.343, ""Distance_mm"": 684, ""Interrupt_flag"": 0, ""Node_type"": ""DDS75-LB"", ""Sensor_flag"": 1, ""TempC_DS18B20"": 32.76}"
2025-09-20 01:28:19.278006972+00:00,dds75-lb-06,2,-43,9.75,"{""Bat"": 3.343, ""Distance_mm"": 684, ""Interrupt_flag"": 0, ""Node_type"": ""DDS75-LB"", ""Sensor_flag"": 1, ""TempC_DS18B20"": 32.76}"
2025-09-20 01:48:19.039737190+00:00,dds75-lb-06,2,-39,9.75,"{""Bat"": 3.343, ""Distance_mm"": 685, ""Interrupt_flag"": 0, ""Node_type"": ""DDS75-LB"", ""Sensor_flag"": 1, ""TempC_DS18B20"": 32.76}"
2025-09-20 02:08:18.813700496+00:00,dds75-lb-06,2,-116,0.5,"{""Bat"": 3.343, ""Distance_mm"": 685, ""Interrupt_flag"": 0, ""Node_type"": ""DDS75-LB"", ""Sensor_flag"": 1, ""TempC_DS18B20"": 32.76}"
2025-09-20 02:28:18.592478283+00:00,dds75-lb-06,2,-42,9.5,"{""Bat"": 3.343, ""Distance_mm"": 685, ""Interrupt_flag"": 0, ""Node_type"": ""DDS75-LB"", ""Sensor_flag"": 1, ""TempC_DS18B20"": 32.76}"
2025-09-20 02:48:18.357989689+00:00,dds75-lb-06,2,-120,-4.0,"{""Bat"": 3.343, ""Distance_mm"": 685, ""Interrupt_flag"": 0, ""Node_type"": ""DDS75-LB"", ""Sensor_flag"": 1, ""TempC_DS18B20"": 32.76}"
2025-09-20 03:08:18.112313828+00:00,dds75-lb-06,2,-43,8.75,"{""Bat"": 3.343, ""Distance_mm"": 685, ""Interrupt_flag"": 0, ""Node_type"": ""DDS75-LB"", ""Sensor_flag"": 1, ""TempC_DS18B20"": 32.76}"
2025-09-20 03:28:17.873296068+00:00,dds75-lb-06,2,-119,-2.75,"{""Bat"": 3.343, ""Distance_mm"": 685, ""Interrupt_flag"": 0, ""Node_type"": ""DDS75-LB"", ""Sensor_flag"": 1, ""TempC_DS18B20"": 32.76}"
2025-09-20 03:48:17.643914845+00:00,dds75-lb-06,2,-119,-3.25,"{""Bat"": 3.343, ""Distance_mm"": 685, ""Interrupt_flag"": 0, ""Node_type"": ""DDS75-LB"", ""Sensor_flag"": 1, ""TempC_DS18B20"": 32.76}"
2025-09-20 04:08:17.437322933+00:00,dds75-lb-06,2,-117,0.5,"{""Bat"": 3.343, ""Distance_mm"": 684, ""Interrupt_flag"": 0, ""Node_type"": ""DDS75-LB"", ""Sensor_flag"": 1, ""TempC_DS18B20"": 32.76}"
2025-09-20 04:28:17.214561538+00:00,dds75-lb-06,2,-41,9.25,"{""Bat"": 3.343, ""Distance_mm"": 684, ""Interrupt_flag"": 0, ""Node_type"": ""DDS75-LB"", ""Sensor_flag"": 1, ""TempC_DS18B20"": 32.76}"
2025-09-20 04:48:16.972824503+00:00,dds75-lb-06,2,-40,9.25,"{""Bat"": 3.343, ""Distance_mm"": 685, ""Interrupt_flag"": 0, ""Node_type"": ""DDS75-LB"", ""Sensor_flag"": 1, ""TempC_DS18B20"": 32.76}"
2025-09-20 05:08:16.747629307+00:00,dds75-lb-06,2,-40,8.0,"{""Bat"": 3.343, ""Distance_mm"": 685, ""Interrupt_flag"": 0, ""Node_type"": ""DDS75-LB"", ""Sensor_flag"": 1, ""TempC_DS18B20"": 32.76}"
2025-09-20 05:28:16.526580120+00:00,dds75-lb-06,2,-41,9.75,"{""Bat"": 3.343, ""Distance_mm"": 685, ""Interrupt_flag"": 0, ""Node_type"": ""DDS75-LB"", ""Sensor_flag"": 1, ""TempC_DS18B20"": 32.76}"
2025-09-20 05:48:16.286899131+00:00,dds75-lb-06,2,-43,9.0,"{""Bat"": 3.343, ""Distance_mm"": 685, ""Interrupt_flag"": 0, ""Node_type"": ""DDS75-LB"", ""Sensor_flag"": 1, ""TempC_DS18B20"": 32.76}"
2025-09-20 06:08:16.039892367+00:00,dds75-lb-06,2,-41,8.75,"{""Bat"": 3.343, ""Distance_mm"": 685, ""Interrupt_flag"": 0, ""Node_type"": ""DDS75-LB"", ""Sensor_flag"": 1, ""TempC_DS18B20"": 32.76}"
2025-09-20 06:28:15.818143278+00:00,dds75-lb-06,2,-39,9.25,"{""Bat"": 3.343, ""Distance_mm"": 685, ""Interrupt_flag"": 0, ""Node_type"": ""DDS75-LB"", ""Sensor_flag"": 1, ""TempC_DS18B20"": 32.76}"
2025-09-20 06:48:15.585906035+00:00,dds75-lb-06,2,-40,9.75,"{""Bat"": 3.343, ""Distance_mm"": 689, ""Interrupt_flag"": 0, ""Node_type"": ""DDS75-LB"", ""Sensor_flag"": 1, ""TempC_DS18B20"": 32.76}"
2025-09-20 07:08:15.354882559+00:00,dds75-lb-06,2,-39,9.25,"{""Bat"": 3.343, ""Distance_mm"": 689, ""Interrupt_flag"": 0, ""Node_type"": ""DDS75-LB"", ""Sensor_flag"": 1, ""TempC_DS18B20"": 32.76}"
2025-09-20 07:28:15.126882729+00:00,dds75-lb-06,2,-117,-0.75,"{""Bat"": 3.343, ""Distance_mm"": 689, ""Interrupt_flag"": 0, ""Node_type"": ""DDS75-LB"", ""Sensor_flag"": 1, ""TempC_DS18B20"": 32.76}"
2025-09-20 07:48:14.885480429+00:00,dds75-lb-06,2,-42,7.25,"{""Bat"": 3.343, ""Distance_mm"": 689, ""Interrupt_flag"": 0, ""Node_type"": ""DDS75-LB"", ""Sensor_flag"": 1, ""TempC_DS18B20"": 32.76}"
2025-09-20 08:08:14.655025406+00:00,dds75-lb-06,2,-42,9.75,"{""Bat"": 3.343, ""Distance_mm"": 689, ""Interrupt_flag"": 0, ""Node_type"": ""DDS75-LB"", ""Sensor_flag"": 1, ""TempC_DS18B20"": 32.76}"
2025-09-20 08:28:14.419916211+00:00,dds75-lb-06,2,-121,-5.5,"{""Bat"": 3.343, ""Distance_mm"": 689, ""Interrupt_flag"": 0, ""Node_type"": ""DDS75-LB"", ""Sensor_flag"": 1, ""TempC_DS18B20"": 32.76}"
2025-09-20 08:48:14.204939853+00:00,dds75-lb-06,2,-41,9.5,"{""Bat"": 3.343, ""Distance_mm"": 689, ""Interrupt_flag"": 0, ""Node_type"": ""DDS75-LB"", ""Sensor_flag"": 1, ""TempC_DS18B20"": 32.76}"
2025-09-20 09:08:13.957505504+00:00,dds75-lb-06,2,-41,10.25,"{""Bat"": 3.343, ""Distance_mm"": 689, ""Interrupt_flag"": 0, ""Node_type"": ""DDS75-LB"", ""Sensor_flag"": 1, ""TempC_DS18B20"": 32.76}"
2025-09-20 09:28:13.721982070+00:00,dds75-lb-06,2,-43,10.0,"{""Bat"": 3.343, ""Distance_mm"": 689, ""Interrupt_flag"": 0, ""Node_type"": ""DDS75-LB"", ""Sensor_flag"": 1, ""TempC_DS18B20"": 32.76}"
2025-09-20 09:48:13.507638793+00:00,dds75-lb-06,2,-43,9.25,"{""Bat"": 3.343, ""Distance_mm"": 689, ""Interrupt_flag"": 0, ""Node_type"": ""DDS75-LB"", ""Sensor_flag"": 1, ""TempC_DS18B20"": 32.76}"
2025-09-20 10:08:13.287009089+00:00,dds75-lb-06,2,-43,10.25,"{""Bat"": 3.343, ""Distance_mm"": 689, ""Interrupt_flag"": 0, ""Node_type"": ""DDS75-LB"", ""Sensor_flag"": 1, ""TempC_DS18B20"": 32.76}"
2025-09-20 10:28:13.033118796+00:00,dds75-lb-06,2,-42,9.25,"{""Bat"": 3.343, ""Distance_mm"": 689, ""Interrupt_flag"": 0, ""Node_type"": ""DDS75-LB"", ""Sensor_flag"": 1, ""TempC_DS18B20"": 32.76}"
2025-09-20 10:48:12.796489980+00:00,dds75-lb-06,2,-41,9.25,"{""Bat"": 3.343, ""Distance_mm"": 689, ""Interrupt_flag"": 0, ""Node_type"": ""DDS75-LB"", ""Sensor_flag"": 1, ""TempC_DS18B20"": 32.76}"
2025-09-20 11:08:12.567626128+00:00,dds75-lb-06,2,-114,1.75,"{""Bat"": 3.343, ""Distance_mm"": 689, ""Interrupt_flag"": 0, ""Node_type"": ""DDS75-LB"", ""Sensor_flag"": 1, ""TempC_DS18B20"": 32.76}"
2025-09-20 11:28:12.346273091+00:00,dds75-lb-06,2,-114,-4.75,"{""Bat"": 3.343, ""Distance_mm"": 690, ""Interrupt_flag"": 0, ""Node_type"": ""DDS75-LB"", ""Sensor_flag"": 1, ""TempC_DS18B20"": 32.76}"
2025-09-20 11:48:12.111630212+00:00,dds75-lb-06,2,-39,8.0,"{""Bat"": 3.343, ""Distance_mm"": 689, ""Interrupt_flag"": 0, ""Node_type"": ""DDS75-LB"", ""Sensor_flag"": 1, ""TempC_DS18B20"": 32.76}"
2025-09-20 12:08:11.883056356+00:00,dds75-lb-06,2,-41,7.5,"{""Bat"": 3.343, ""Distance_mm"": 689, ""Interrupt_flag"": 0, ""Node_type"": ""DDS75-LB"", ""Sensor_flag"": 1, ""TempC_DS18B20"": 32.76}"
2025-09-20 12:28:11.659233910+00:00,dds75-lb-06,2,-43,10.25,"{""Bat"": 3.343, ""Distance_mm"": 689, ""Interrupt_flag"": 0, ""Node_type"": ""DDS75-LB"", ""Sensor_flag"": 1, ""TempC_DS18B20"": 32.76}"
2025-09-20 12:48:11.416608331+00:00,dds75-lb-06,2,-43,10.5,"{""Bat"": 3.343, ""Distance_mm"": 689, ""Interrupt_flag"": 0, ""Node_type"": ""DDS75-LB"", ""Sensor_flag"": 1, ""TempC_DS18B20"": 32.76}"
2025-09-20 13:08:11.173920964+00:00,dds75-lb-06,2,-42,8.5,"{""Bat"": 3.343, ""Distance_mm"": 690, ""Interrupt_flag"": 0, ""Node_type"": ""DDS75-LB"", ""Sensor_flag"": 1, ""TempC_DS18B20"": 32.76}"
2025-09-20 13:28:10.947538349+00:00,dds75-lb-06,2,-43,9.0,"{""Bat"": 3.343, ""Distance_mm"": 690, ""Interrupt_flag"": 0, ""Node_type"": ""DDS75-LB"", ""Sensor_flag"": 1, ""TempC_DS18B20"": 32.76}"
2025-09-20 13:48:10.719996896+00:00,dds75-lb-06,2,-113,0.5,"{""Bat"": 3.343, ""Distance_mm"": 690, ""Interrupt_flag"": 0, ""Node_type"": ""DDS75-LB"", ""Sensor_flag"": 1, ""TempC_DS18B20"": 32.76}"
2025-09-20 14:08:10.493794416+00:00,dds75-lb-06,2,-41,10.25,"{""Bat"": 3.343, ""Distance_mm"": 689, ""Interrupt_flag"": 0, ""Node_type"": ""DDS75-LB"", ""Sensor_flag"": 1, ""TempC_DS18B20"": 32.76}"
2025-09-20 14:28:10.256855998+00:00,dds75-lb-06,2,-121,-5.75,"{""Bat"": 3.343, ""Distance_mm"": 689, ""Interrupt_flag"": 0, ""Node_type"": ""DDS75-LB"", ""Sensor_flag"": 1, ""TempC_DS18B20"": 32.76}"
2025-09-20 14:48:10.035581807+00:00,dds75-lb-06,2,-42,10.5,"{""Bat"": 3.343, ""Distance_mm"": 689, ""Interrupt_flag"": 0, ""Node_type"": ""DDS75-LB"", ""Sensor_flag"": 1, ""TempC_DS18B20"": 32.76}"
2025-09-20 15:08:09.795703058+00:00,dds75-lb-06,2,-43,9.25,"{""Bat"": 3.343, ""Distance_mm"": 689, ""Interrupt_flag"": 0, ""Node_type"": ""DDS75-LB"", ""Sensor_flag"": 1, ""TempC_DS18B20"": 32.76}"
2025-09-20 15:28:09.563342935+00:00,dds75-lb-06,2,-43,9.75,"{""Bat"": 3.343, ""Distance_mm"": 690, ""Interrupt_flag"": 0, ""Node_type"": ""DDS75-LB"", ""Sensor_flag"": 1, ""TempC_DS18B20"": 32.76}"
2025-09-20 15:48:09.319895502+00:00,dds75-lb-06,2,-43,9.0,"{""Bat"": 3.343, ""Distance_mm"": 690, ""Interrupt_flag"": 0, ""Node_type"": ""DDS75-LB"", ""Sensor_flag"": 1, ""TempC_DS18B20"": 32.76}"
2025-09-20 16:08:09.087957673+00:00,dds75-lb-06,2,-42,10.0,"{""Bat"": 3.343, ""Distance_mm"": 690, ""Interrupt_flag"": 0, ""Node_type"": ""DDS75-LB"", ""Sensor_flag"": 1, ""TempC_DS18B20"": 32.76}"
2025-09-20 16:28:08.866621538+00:00,dds75-lb-06,2,-42,10.5,"{""Bat"": 3.343, ""Distance_mm"": 690, ""Interrupt_flag"": 0, ""Node_type"": ""DDS75-LB"", ""Sensor_flag"": 1, ""TempC_DS18B20"": 32.76}"
2025-09-20 16:48:08.629611710+00:00,dds75-lb-06,2,-118,-3.0,"{""Bat"": 3.343, ""Distance_mm"": 690, ""Interrupt_flag"": 0, ""Node_type"": ""DDS75-LB"", ""Sensor_flag"": 1, ""TempC_DS18B20"": 32.76}"
2025-09-20 17:08:08.392924056+00:00,dds75-lb-06,2,-39,10.0,"{""Bat"": 3.343, ""Distance_mm"": 690, ""Interrupt_flag"": 0, ""Node_type"": ""DDS75-LB"", ""Sensor_flag"": 1, ""TempC_DS18B20"": 32.76}"
2025-09-20 17:28:08.175005469+00:00,dds75-lb-06,2,-116,-6.0,"{""Bat"": 3.343, ""Distance_mm"": 690, ""Interrupt_flag"": 0, ""Node_type"": ""DDS75-LB"", ""Sensor_flag"": 1, ""TempC_DS18B20"": 32.76}"
2025-09-20 17:48:07.944288742+00:00,dds75-lb-06,2,-42,9.5,"{""Bat"": 3.343, ""Distance_mm"": 690, ""Interrupt_flag"": 0, ""Node_type"": ""DDS75-LB"", ""Sensor_flag"": 1, ""TempC_DS18B20"": 32.76}"
2025-09-20 18:08:07.708516464+00:00,dds75-lb-06,2,-42,9.0,"{""Bat"": 3.343, ""Distance_mm"": 690, ""Interrupt_flag"": 0, ""Node_type"": ""DDS75-LB"", ""Sensor_flag"": 1, ""TempC_DS18B20"": 32.76}"
2025-09-20 18:28:07.488928373+00:00,dds75-lb-06,2,-42,10.25,"{""Bat"": 3.343, ""Distance_mm"": 689, ""Interrupt_flag"": 0, ""Node_type"": ""DDS75-LB"", ""Sensor_flag"": 1, ""TempC_DS18B20"": 32.76}"
2025-09-20 18:48:07.241547069+00:00,dds75-lb-06,2,-39,8.75,"{""Bat"": 3.343, ""Distance_mm"": 689, ""Interrupt_flag"": 0, ""Node_type"": ""DDS75-LB"", ""Sensor_flag"": 1, ""TempC_DS18B20"": 32.76}"
2025-09-20 19:08:07.020312234+00:00,dds75-lb-06,2,-41,10.5,"{""Bat"": 3.343, ""Distance_mm"": 689, ""Interrupt_flag"": 0, ""Node_type"": ""DDS75-LB"", ""Sensor_flag"": 1, ""TempC_DS18B20"": 32.76}"
2025-09-20 19:28:06.782779364+00:00,dds75-lb-06,2,-38,9.0,"{""Bat"": 3.343, ""Distance_mm"": 689, ""Interrupt_flag"": 0, ""Node_type"": ""DDS75-LB"", ""Sensor_flag"": 1, ""TempC_DS18B20"": 32.76}"
2025-09-20 19:48:06.540934481+00:00,dds75-lb-06,2,-41,7.25,"{""Bat"": 3.343, ""Distance_mm"": 689, ""Interrupt_flag"": 0, ""Node_type"": ""DDS75-LB"", ""Sensor_flag"": 1, ""TempC_DS18B20"": 32.76}"
2025-09-20 20:08:06.302089124+00:00,dds75-lb-06,2,-42,7.75,"{""Bat"": 3.343, ""Distance_mm"": 689, ""Interrupt_flag"": 0, ""Node_type"": ""DDS75-LB"", ""Sensor_flag"": 1, ""TempC_DS18B20"": 32.76}"
2025-09-20 20:28:06.074313970+00:00,dds75-lb-06,2,-41,10.0,"{""Bat"": 3.343, ""Distance_mm"": 689, ""Interrupt_flag"": 0, ""Node_type"": ""DDS75-LB"", ""Sensor_flag"": 1, ""TempC_DS18B20"": 32.76}"
2025-09-20 20:29:16.296418097+00:00,dds75-lb-06,2,-40,9.0,"{""Bat"": 3.343, ""Distance_mm"": 689, ""Interrupt_flag"": 0, ""Node_type"": ""DDS75-LB"", ""Sensor_flag"": 1, ""TempC_DS18B20"": 32.76}"
2025-09-20 20:30:16.284395123+00:00,dds75-lb-06,2,-42,7.75,"{""Bat"": 3.343, ""Distance_mm"": 689, ""Interrupt_flag"": 0, ""Node_type"": ""DDS75-LB"", ""Sensor_flag"": 1, ""TempC_DS18B20"": 32.76}"
2025-09-20 20:31:16.289958479+00:00,dds75-lb-06,2,-40,9.75,"{""Bat"": 3.343, ""Distance_mm"": 689, ""Interrupt_flag"": 0, ""Node_type"": ""DDS75-LB"", ""Sensor_flag"": 1, ""TempC_DS18B20"": 32.76}"
2025-09-20 21:31:25.813905309+00:00,dds75-lb-06,2,-122,-7.25,"{""Bat"": 3.343, ""Distance_mm"": 689, ""Interrupt_flag"": 0, ""Node_type"": ""DDS75-LB"", ""Sensor_flag"": 1, ""TempC_DS18B20"": 32.76}"
2025-09-20 22:31:25.114402393+00:00,dds75-lb-06,2,-41,7.25,"{""Bat"": 3.343, ""Distance_mm"": 689, ""Interrupt_flag"": 0, ""Node_type"": ""DDS75-LB"", ""Sensor_flag"": 1, ""TempC_DS18B20"": 32.76}"
2025-09-20 23:31:24.422027644+00:00,dds75-lb-06,2,-41,7.5,"{""Bat"": 3.343, ""Distance_mm"": 689, ""Interrupt_flag"": 0, ""Node_type"": ""DDS75-LB"", ""Sensor_flag"": 1, ""TempC_DS18B20"": 32.76}"
2025-09-21 00:31:23.735795719+00:00,dds75-lb-06,2,-43,6.75,"{""Bat"": 3.343, ""Distance_mm"": 689, ""Interrupt_flag"": 0, ""Node_type"": ""DDS75-LB"", ""Sensor_flag"": 1, ""TempC_DS18B20"": 32.76}"
2025-09-21 01:31:23.017541233+00:00,dds75-lb-06,2,-42,9.5,"{""Bat"": 3.343, ""Distance_mm"": 689, ""Interrupt_flag"": 0, ""Node_type"": ""DDS75-LB"", ""Sensor_flag"": 1, ""TempC_DS18B20"": 32.76}"
2025-09-21 02:31:22.328719014+00:00,dds75-lb-06,2,-45,10.25,"{""Bat"": 3.343, ""Distance_mm"": 689, ""Interrupt_flag"": 0, ""Node_type"": ""DDS75-LB"", ""Sensor_flag"": 1, ""TempC_DS18B20"": 32.76}"
2025-09-21 03:31:21.632796185+00:00,dds75-lb-06,2,-43,6.5,"{""Bat"": 3.343, ""Distance_mm"": 689, ""Interrupt_flag"": 0, ""Node_type"": ""DDS75-LB"", ""Sensor_flag"": 1, ""TempC_DS18B20"": 32.76}"
2025-09-21 04:31:20.949526230+00:00,dds75-lb-06,2,-41,10.0,"{""Bat"": 3.343, ""Distance_mm"": 689, ""Interrupt_flag"": 0, ""Node_type"": ""DDS75-LB"", ""Sensor_flag"": 1, ""TempC_DS18B20"": 32.76}"
2025-09-21 05:31:20.248206620+00:00,dds75-lb-06,2,-45,9.75,"{""Bat"": 3.343, ""Distance_mm"": 689, ""Interrupt_flag"": 0, ""Node_type"": ""DDS75-LB"", ""Sensor_flag"": 1, ""TempC_DS18B20"": 32.76}"
2025-09-21 06:31:19.542897746+00:00,dds75-lb-06,2,-41,9.25,"{""Bat"": 3.343, ""Distance_mm"": 689, ""Interrupt_flag"": 0, ""Node_type"": ""DDS75-LB"", ""Sensor_flag"": 1, ""TempC_DS18B20"": 32.76}"
2025-09-21 07:31:18.859110371+00:00,dds75-lb-06,2,-41,10.75,"{""Bat"": 3.343, ""Distance_mm"": 689, ""Interrupt_flag"": 0, ""Node_type"": ""DDS75-LB"", ""Sensor_flag"": 1, ""TempC_DS18B20"": 32.76}"
2025-09-21 08:31:18.168683069+00:00,dds75-lb-06,2,-39,9.25,"{""Bat"": 3.343, ""Distance_mm"": 689, ""Interrupt_flag"": 0, ""Node_type"": ""DDS75-LB"", ""Sensor_flag"": 1, ""TempC_DS18B20"": 32.76}"
2025-09-21 09:31:17.464569760+00:00,dds75-lb-06,2,-117,-2.5,"{""Bat"": 3.343, ""Distance_mm"": 689, ""Interrupt_flag"": 0, ""Node_type"": ""DDS75-LB"", ""Sensor_flag"": 1, ""TempC_DS18B20"": 32.76}"
2025-09-21 10:31:16.764430544+00:00,dds75-lb-06,2,-43,10.0,"{""Bat"": 3.343, ""Distance_mm"": 689, ""Interrupt_flag"": 0, ""Node_type"": ""DDS75-LB"", ""Sensor_flag"": 1, ""TempC_DS18B20"": 32.76}"
2025-09-21 11:31:16.081885937+00:00,dds75-lb-06,2,-43,9.75,"{""Bat"": 3.343, ""Distance_mm"": 689, ""Interrupt_flag"": 0, ""Node_type"": ""DDS75-LB"", ""Sensor_flag"": 1, ""TempC_DS18B20"": 32.76}"
2025-09-21 12:31:15.372500966+00:00,dds75-lb-06,2,-121,-5.0,"{""Bat"": 3.343, ""Distance_mm"": 689, ""Interrupt_flag"": 0, ""Node_type"": ""DDS75-LB"", ""Sensor_flag"": 1, ""TempC_DS18B20"": 32.76}"
2025-09-21 13:31:14.684938004+00:00,dds75-lb-06,2,-41,9.5,"{""Bat"": 3.343, ""Distance_mm"": 689, ""Interrupt_flag"": 0, ""Node_type"": ""DDS75-LB"", ""Sensor_flag"": 1, ""TempC_DS18B20"": 32.76}"
2025-09-21 14:31:13.985707985+00:00,dds75-lb-06,2,-39,7.5,"{""Bat"": 3.343, ""Distance_mm"": 689, ""Interrupt_flag"": 0, ""Node_type"": ""DDS75-LB"", ""Sensor_flag"": 1, ""TempC_DS18B20"": 32.76}"
2025-09-21 15:31:13.285590967+00:00,dds75-lb-06,2,-41,7.75,"{""Bat"": 3.343, ""Distance_mm"": 689, ""Interrupt_flag"": 0, ""Node_type"": ""DDS75-LB"", ""Sensor_flag"": 1, ""TempC_DS18B20"": 32.76}"
2025-09-21 16:31:12.593584567+00:00,dds75-lb-06,2,-42,7.5,"{""Bat"": 3.343, ""Distance_mm"": 685, ""Interrupt_flag"": 0, ""Node_type"": ""DDS75-LB"", ""Sensor_flag"": 1, ""TempC_DS18B20"": 32.76}"
2025-09-21 17:31:11.881237700+00:00,dds75-lb-06,2,-43,10.5,"{""Bat"": 3.343, ""Distance_mm"": 685, ""Interrupt_flag"": 0, ""Node_type"": ""DDS75-LB"", ""Sensor_flag"": 1, ""TempC_DS18B20"": 32.76}"
2025-09-21 18:31:11.211330585+00:00,dds75-lb-06,2,-118,-1.5,"{""Bat"": 3.343, ""Distance_mm"": 684, ""Interrupt_flag"": 0, ""Node_type"": ""DDS75-LB"", ""Sensor_flag"": 1, ""TempC_DS18B20"": 32.76}"
2025-09-21 19:31:10.517738328+00:00,dds75-lb-06,2,-43,9.0,"{""Bat"": 3.343, ""Distance_mm"": 684, ""Interrupt_flag"": 0, ""Node_type"": ""DDS75-LB"", ""Sensor_flag"": 1, ""TempC_DS18B20"": 32.76}"
2025-09-21 20:31:09.834433268+00:00,dds75-lb-06,2,-41,10.0,"{""Bat"": 3.343, ""Distance_mm"": 685, ""Interrupt_flag"": 0, ""Node_type"": ""DDS75-LB"", ""Sensor_flag"": 1, ""TempC_DS18B20"": 32.76}"
2025-09-21 21:31:09.137178818+00:00,dds75-lb-06,2,-43,9.5,"{""Bat"": 3.343, ""Distance_mm"": 685, ""Interrupt_flag"": 0, ""Node_type"": ""DDS75-LB"", ""Sensor_flag"": 1, ""TempC_DS18B20"": 32.76}"
2025-09-21 22:31:08.424917620+00:00,dds75-lb-06,2,-41,9.75,"{""Bat"": 3.343, ""Distance_mm"": 684, ""Interrupt_flag"": 0, ""Node_type"": ""DDS75-LB"", ""Sensor_flag"": 1, ""TempC_DS18B20"": 32.76}"
2025-09-21 23:31:07.719297595+00:00,dds75-lb-06,2,-39,7.0,"{""Bat"": 3.343, ""Distance_mm"": 684, ""Interrupt_flag"": 0, ""Node_type"": ""DDS75-LB"", ""Sensor_flag"": 1, ""TempC_DS18B20"": 32.76}"
2025-09-22 00:31:07.035591479+00:00,dds75-lb-06,2,-43,7.25,"{""Bat"": 3.343, ""Distance_mm"": 685, ""Interrupt_flag"": 0, ""Node_type"": ""DDS75-LB"", ""Sensor_flag"": 1, ""TempC_DS18B20"": 32.76}"
2025-09-22 01:31:06.340013656+00:00,dds75-lb-06,2,-125,-8.75,"{""Bat"": 3.343, ""Distance_mm"": 685, ""Interrupt_flag"": 0, ""Node_type"": ""DDS75-LB"", ""Sensor_flag"": 1, ""TempC_DS18B20"": 32.76}"
2025-09-22 02:31:05.656209938+00:00,dds75-lb-06,2,-42,10.0,"{""Bat"": 3.343, ""Distance_mm"": 684, ""Interrupt_flag"": 0, ""Node_type"": ""DDS75-LB"", ""Sensor_flag"": 1, ""TempC_DS18B20"": 32.76}"
2025-09-22 03:31:04.946773221+00:00,dds75-lb-06,2,-117,-3.25,"{""Bat"": 3.343, ""Distance_mm"": 685, ""Interrupt_flag"": 0, ""Node_type"": ""DDS75-LB"", ""Sensor_flag"": 1, ""TempC_DS18B20"": 32.76}"
2025-09-22 04:31:04.260973439+00:00,dds75-lb-06,2,-114,1.75,"{""Bat"": 3.343, ""Distance_mm"": 685, ""Interrupt_flag"": 0, ""Node_type"": ""DDS75-LB"", ""Sensor_flag"": 1, ""TempC_DS18B20"": 32.76}"
2025-09-22 05:31:03.584823810+00:00,dds75-lb-06,2,-43,9.5,"{""Bat"": 3.343, ""Distance_mm"": 685, ""Interrupt_flag"": 0, ""Node_type"": ""DDS75-LB"", ""Sensor_flag"": 1, ""TempC_DS18B20"": 32.76}"
2025-09-22 06:31:02.877939321+00:00,dds75-lb-06,2,-41,7.75,"{""Bat"": 3.343, ""Distance_mm"": 685, ""Interrupt_flag"": 0, ""Node_type"": ""DDS75-LB"", ""Sensor_flag"": 1, ""TempC_DS18B20"": 32.76}"
2025-09-22 07:31:02.181560339+00:00,dds75-lb-06,2,-41,8.0,"{""Bat"": 3.343, ""Distance_mm"": 685, ""Interrupt_flag"": 0, ""Node_type"": ""DDS75-LB"", ""Sensor_flag"": 1, ""TempC_DS18B20"": 32.76}"
2025-09-22 08:31:01.490224423+00:00,dds75-lb-06,2,-41,10.25,"{""Bat"": 3.343, ""Distance_mm"": 685, ""Interrupt_flag"": 0, ""Node_type"": ""DDS75-LB"", ""Sensor_flag"": 1, ""TempC_DS18B20"": 32.76}"
2025-09-22 09:31:00.801805817+00:00,dds75-lb-06,2,-43,10.25,"{""Bat"": 3.343, ""Distance_mm"": 685, ""Interrupt_flag"": 0, ""Node_type"": ""DDS75-LB"", ""Sensor_flag"": 1, ""TempC_DS18B20"": 32.76}"
2025-09-22 10:31:00.094566950+00:00,dds75-lb-06,2,-41,6.75,"{""Bat"": 3.343, ""Distance_mm"": 689, ""Interrupt_flag"": 0, ""Node_type"": ""DDS75-LB"", ""Sensor_flag"": 1, ""TempC_DS18B20"": 32.76}"
2025-09-22 11:30:59.411334236+00:00,dds75-lb-06,2,-41,9.0,"{""Bat"": 3.343, ""Distance_mm"": 689, ""Interrupt_flag"": 0, ""Node_type"": ""DDS75-LB"", ""Sensor_flag"": 1, ""TempC_DS18B20"": 32.76}"
2025-09-22 12:30:58.714271007+00:00,dds75-lb-06,2,-45,10.25,"{""Bat"": 3.343, ""Distance_mm"": 689, ""Interrupt_flag"": 0, ""Node_type"": ""DDS75-LB"", ""Sensor_flag"": 1, ""TempC_DS18B20"": 32.76}"
2025-09-22 13:30:58.021078311+00:00,dds75-lb-06,2,-41,7.75,"{""Bat"": 3.343, ""Distance_mm"": 689, ""Interrupt_flag"": 0, ""Node_type"": ""DDS75-LB"", ""Sensor_flag"": 1, ""TempC_DS18B20"": 32.76}"
2025-09-22 14:30:57.319564099+00:00,dds75-lb-06,2,-119,-3.0,"{""Bat"": 3.343, ""Distance_mm"": 689, ""Interrupt_flag"": 0, ""Node_type"": ""DDS75-LB"", ""Sensor_flag"": 1, ""TempC_DS18B20"": 32.76}"
2025-09-22 15:30:56.614334289+00:00,dds75-lb-06,2,-43,10.0,"{""Bat"": 3.343, ""Distance_mm"": 689, ""Interrupt_flag"": 0, ""Node_type"": ""DDS75-LB"", ""Sensor_flag"": 1, ""TempC_DS18B20"": 32.76}"
2025-09-22 16:30:55.937029333+00:00,dds75-lb-06,2,-41,9.0,"{""Bat"": 3.343, ""Distance_mm"": 689, ""Interrupt_flag"": 0, ""Node_type"": ""DDS75-LB"", ""Sensor_flag"": 1, ""TempC_DS18B20"": 32.76}"
2025-09-22 17:30:55.261884835+00:00,dds75-lb-06,2,-43,9.75,"{""Bat"": 3.343, ""Distance_mm"": 689, ""Interrupt_flag"": 0, ""Node_type"": ""DDS75-LB"", ""Sensor_flag"": 1, ""TempC_DS18B20"": 32.76}"
2025-09-22 18:30:54.567988906+00:00,dds75-lb-06,2,-43,9.5,"{""Bat"": 3.343, ""Distance_mm"": 689, ""Interrupt_flag"": 0, ""Node_type"": ""DDS75-LB"", ""Sensor_flag"": 1, ""TempC_DS18B20"": 32.76}"
2025-09-22 19:30:53.856398260+00:00,dds75-lb-06,2,-41,9.25,"{""Bat"": 3.343, ""Distance_mm"": 689, ""Interrupt_flag"": 0, ""Node_type"": ""DDS75-LB"", ""Sensor_flag"": 1, ""TempC_DS18B20"": 32.76}"
2025-09-22 20:30:53.162573013+00:00,dds75-lb-06,2,-116,-0.5,"{""Bat"": 3.343, ""Distance_mm"": 689, ""Interrupt_flag"": 0, ""Node_type"": ""DDS75-LB"", ""Sensor_flag"": 1, ""TempC_DS18B20"": 32.76}"
2025-09-22 21:30:52.486383381+00:00,dds75-lb-06,2,-39,9.5,"{""Bat"": 3.343, ""Distance_mm"": 689, ""Interrupt_flag"": 0, ""Node_type"": ""DDS75-LB"", ""Sensor_flag"": 1, ""TempC_DS18B20"": 32.76}"
2025-09-22 22:30:51.784513345+00:00,dds75-lb-06,2,-39,7.25,"{""Bat"": 3.343, ""Distance_mm"": 689, ""Interrupt_flag"": 0, ""Node_type"": ""DDS75-LB"", ""Sensor_flag"": 1, ""TempC_DS18B20"": 32.76}"
2025-09-22 23:30:51.080690977+00:00,dds75-lb-06,2,-42,7.0,"{""Bat"": 3.343, ""Distance_mm"": 689, ""Interrupt_flag"": 0, ""Node_type"": ""DDS75-LB"", ""Sensor_flag"": 1, ""TempC_DS18B20"": 32.76}"
2025-09-23 00:30:50.397983008+00:00,dds75-lb-06,2,-120,-4.25,"{""Bat"": 3.343, ""Distance_mm"": 689, ""Interrupt_flag"": 0, ""Node_type"": ""DDS75-LB"", ""Sensor_flag"": 1, ""TempC_DS18B20"": 32.76}"
2025-09-23 01:30:49.692485438+00:00,dds75-lb-06,2,-42,10.25,"{""Bat"": 3.343, ""Distance_mm"": 689, ""Interrupt_flag"": 0, ""Node_type"": ""DDS75-LB"", ""Sensor_flag"": 1, ""TempC_DS18B20"": 32.76}"
2025-09-23 02:30:49.023805687+00:00,dds75-lb-06,2,-112,2.5,"{""Bat"": 3.343, ""Distance_mm"": 689, ""Interrupt_flag"": 0, ""Node_type"": ""DDS75-LB"", ""Sensor_flag"": 1, ""TempC_DS18B20"": 32.76}"
2025-09-23 03:30:48.318462093+00:00,dds75-lb-06,2,-41,10.0,"{""Bat"": 3.343, ""Distance_mm"": 689, ""Interrupt_flag"": 0, ""Node_type"": ""DDS75-LB"", ""Sensor_flag"": 1, ""TempC_DS18B20"": 32.76}"
2025-09-23 04:30:47.620019834+00:00,dds75-lb-06,2,-117,-0.75,"{""Bat"": 3.343, ""Distance_mm"": 689, ""Interrupt_flag"": 0, ""Node_type"": ""DDS75-LB"", ""Sensor_flag"": 1, ""TempC_DS18B20"": 32.76}"
2025-09-23 05:30:46.926621679+00:00,dds75-lb-06,2,-41,7.0,"{""Bat"": 3.343, ""Distance_mm"": 689, ""Interrupt_flag"": 0, ""Node_type"": ""DDS75-LB"", ""Sensor_flag"": 1, ""TempC_DS18B20"": 32.76}"
2025-09-23 06:30:46.229901910+00:00,dds75-lb-06,2,-41,10.5,"{""Bat"": 3.343, ""Distance_mm"": 689, ""Interrupt_flag"": 0, ""Node_type"": ""DDS75-LB"", ""Sensor_flag"": 1, ""TempC_DS18B20"": 32.76}"
2025-09-23 07:30:45.579457908+00:00,dds75-lb-06,2,-42,9.0,"{""Bat"": 3.343, ""Distance_mm"": 689, ""Interrupt_flag"": 0, ""Node_type"": ""DDS75-LB"", ""Sensor_flag"": 1, ""TempC_DS18B20"": 32.76}"
2025-09-23 08:30:44.859311926+00:00,dds75-lb-06,2,-41,10.5,"{""Bat"": 3.343, ""Distance_mm"": 689, ""Interrupt_flag"": 0, ""Node_type"": ""DDS75-LB"", ""Sensor_flag"": 1, ""TempC_DS18B20"": 32.76}"
2025-09-23 09:30:44.163148637+00:00,dds75-lb-06,2,-114,2.0,"{""Bat"": 3.343, ""Distance_mm"": 689, ""Interrupt_flag"": 0, ""Node_type"": ""DDS75-LB"", ""Sensor_flag"": 1, ""TempC_DS18B20"": 32.76}"
2025-09-23 10:30:43.481617642+00:00,dds75-lb-06,2,-41,9.5,"{""Bat"": 3.343, ""Distance_mm"": 689, ""Interrupt_flag"": 0, ""Node_type"": ""DDS75-LB"", ""Sensor_flag"": 1, ""TempC_DS18B20"": 32.76}"
2025-09-23 11:30:42.784414934+00:00,dds75-lb-06,2,-42,9.25,"{""Bat"": 3.343, ""Distance_mm"": 689, ""Interrupt_flag"": 0, ""Node_type"": ""DDS75-LB"", ""Sensor_flag"": 1, ""TempC_DS18B20"": 32.76}"
2025-09-23 12:30:42.081191725+00:00,dds75-lb-06,2,-41,6.75,"{""Bat"": 3.343, ""Distance_mm"": 690, ""Interrupt_flag"": 0, ""Node_type"": ""DDS75-LB"", ""Sensor_flag"": 1, ""TempC_DS18B20"": 32.76}"
2025-09-23 13:30:41.387695746+00:00,dds75-lb-06,2,-41,8.25,"{""Bat"": 3.343, ""Distance_mm"": 690, ""Interrupt_flag"": 0, ""Node_type"": ""DDS75-LB"", ""Sensor_flag"": 1, ""TempC_DS18B20"": 32.76}"
2025-09-23 14:30:40.704927258+00:00,dds75-lb-06,2,-43,8.25,"{""Bat"": 3.343, ""Distance_mm"": 690, ""Interrupt_flag"": 0, ""Node_type"": ""DDS75-LB"", ""Sensor_flag"": 1, ""TempC_DS18B20"": 32.76}"
2025-09-23 15:30:39.992080460+00:00,dds75-lb-06,2,-120,-5.0,"{""Bat"": 3.343, ""Distance_mm"": 690, ""Interrupt_flag"": 0, ""Node_type"": ""DDS75-LB"", ""Sensor_flag"": 1, ""TempC_DS18B20"": 32.76}"
2025-09-23 16:30:39.304643353+00:00,dds75-lb-06,2,-43,10.0,"{""Bat"": 3.343, ""Distance_mm"": 690, ""Interrupt_flag"": 0, ""Node_type"": ""DDS75-LB"", ""Sensor_flag"": 1, ""TempC_DS18B20"": 32.76}"
2025-09-23 17:30:38.624260034+00:00,dds75-lb-06,2,-42,7.5,"{""Bat"": 3.343, ""Distance_mm"": 689, ""Interrupt_flag"": 0, ""Node_type"": ""DDS75-LB"", ""Sensor_flag"": 1, ""TempC_DS18B20"": 32.76}"
2025-09-23 18:30:37.930194010+00:00,dds75-lb-06,2,-41,9.0,"{""Bat"": 3.343, ""Distance_mm"": 689, ""Interrupt_flag"": 0, ""Node_type"": ""DDS75-LB"", ""Sensor_flag"": 1, ""TempC_DS18B20"": 32.76}"
2025-09-23 19:30:37.235422111+00:00,dds75-lb-06,2,-114,-1.0,"{""Bat"": 3.343, ""Distance_mm"": 689, ""Interrupt_flag"": 0, ""Node_type"": ""DDS75-LB"", ""Sensor_flag"": 1, ""TempC_DS18B20"": 32.76}"
2025-09-23 20:30:36.530519817+00:00,dds75-lb-06,2,-39,9.0,"{""Bat"": 3.343, ""Distance_mm"": 689, ""Interrupt_flag"": 0, ""Node_type"": ""DDS75-LB"", ""Sensor_flag"": 1, ""TempC_DS18B20"": 32.76}"
2025-09-23 21:30:35.859665576+00:00,dds75-lb-06,2,-39,6.75,"{""Bat"": 3.343, ""Distance_mm"": 689, ""Interrupt_flag"": 0, ""Node_type"": ""DDS75-LB"", ""Sensor_flag"": 1, ""TempC_DS18B20"": 32.76}"
2025-09-23 22:30:35.171189208+00:00,dds75-lb-06,2,-42,9.75,"{""Bat"": 3.343, ""Distance_mm"": 689, ""Interrupt_flag"": 0, ""Node_type"": ""DDS75-LB"", ""Sensor_flag"": 1, ""TempC_DS18B20"": 32.76}"
2025-09-23 23:30:34.472968958+00:00,dds75-lb-06,2,-41,9.75,"{""Bat"": 3.343, ""Distance_mm"": 689, ""Interrupt_flag"": 0, ""Node_type"": ""DDS75-LB"", ""Sensor_flag"": 1, ""TempC_DS18B20"": 32.76}"
2025-09-24 00:30:33.782853258+00:00,dds75-lb-06,2,-40,9.5,"{""Bat"": 3.343, ""Distance_mm"": 689, ""Interrupt_flag"": 0, ""Node_type"": ""DDS75-LB"", ""Sensor_flag"": 1, ""TempC_DS18B20"": 32.76}"
2025-09-24 01:30:33.088796814+00:00,dds75-lb-06,2,-119,-5.75,"{""Bat"": 3.343, ""Distance_mm"": 689, ""Interrupt_flag"": 0, ""Node_type"": ""DDS75-LB"", ""Sensor_flag"": 1, ""TempC_DS18B20"": 32.76}"
2025-09-24 02:30:32.400041567+00:00,dds75-lb-06,2,-42,9.75,"{""Bat"": 3.343, ""Distance_mm"": 689, ""Interrupt_flag"": 0, ""Node_type"": ""DDS75-LB"", ""Sensor_flag"": 1, ""TempC_DS18B20"": 32.76}"
2025-09-24 03:30:31.688153561+00:00,dds75-lb-06,2,-44,9.25,"{""Bat"": 3.343, ""Distance_mm"": 688, ""Interrupt_flag"": 0, ""Node_type"": ""DDS75-LB"", ""Sensor_flag"": 1, ""TempC_DS18B20"": 32.76}"
2025-09-24 04:30:31.023454470+00:00,dds75-lb-06,2,-41,7.75,"{""Bat"": 3.343, ""Distance_mm"": 689, ""Interrupt_flag"": 0, ""Node_type"": ""DDS75-LB"", ""Sensor_flag"": 1, ""TempC_DS18B20"": 32.76}"
2025-09-24 05:30:30.339036350+00:00,dds75-lb-06,2,-41,9.25,"{""Bat"": 3.343, ""Distance_mm"": 689, ""Interrupt_flag"": 0, ""Node_type"": ""DDS75-LB"", ""Sensor_flag"": 1, ""TempC_DS18B20"": 32.76}"
2025-09-24 06:30:29.638356490+00:00,dds75-lb-06,2,-42,8.0,"{""Bat"": 3.343, ""Distance_mm"": 689, ""Interrupt_flag"": 0, ""Node_type"": ""DDS75-LB"", ""Sensor_flag"": 1, ""TempC_DS18B20"": 32.76}"
2025-09-24 07:30:28.961111331+00:00,dds75-lb-06,2,-41,8.75,"{""Bat"": 3.343, ""Distance_mm"": 689, ""Interrupt_flag"": 0, ""Node_type"": ""DDS75-LB"", ""Sensor_flag"": 1, ""TempC_DS18B20"": 32.76}"
2025-09-24 08:30:28.255121106+00:00,dds75-lb-06,2,-116,0.25,"{""Bat"": 3.343, ""Distance_mm"": 689, ""Interrupt_flag"": 0, ""Node_type"": ""DDS75-LB"", ""Sensor_flag"": 1, ""TempC_DS18B20"": 32.76}"
2025-09-24 09:30:27.558706888+00:00,dds75-lb-06,2,-41,7.25,"{""Bat"": 3.343, ""Distance_mm"": 689, ""Interrupt_flag"": 0, ""Node_type"": ""DDS75-LB"", ""Sensor_flag"": 1, ""TempC_DS18B20"": 32.76}"
2025-09-24 10:30:26.872261436+00:00,dds75-lb-06,2,-40,9.75,"{""Bat"": 3.343, ""Distance_mm"": 689, ""Interrupt_flag"": 0, ""Node_type"": ""DDS75-LB"", ""Sensor_flag"": 1, ""TempC_DS18B20"": 32.76}"
2025-09-24 11:30:26.170982706+00:00,dds75-lb-06,2,-116,0.5,"{""Bat"": 3.343, ""Distance_mm"": 690, ""Interrupt_flag"": 0, ""Node_type"": ""DDS75-LB"", ""Sensor_flag"": 1, ""TempC_DS18B20"": 32.76}"
2025-09-24 12:30:25.496631656+00:00,dds75-lb-06,2,-114,1.0,"{""Bat"": 3.343, ""Distance_mm"": 689, ""Interrupt_flag"": 0, ""Node_type"": ""DDS75-LB"", ""Sensor_flag"": 1, ""TempC_DS18B20"": 32.76}"
2025-09-24 13:30:24.791795153+00:00,dds75-lb-06,2,-43,11.0,"{""Bat"": 3.343, ""Distance_mm"": 689, ""Interrupt_flag"": 0, ""Node_type"": ""DDS75-LB"", ""Sensor_flag"": 1, ""TempC_DS18B20"": 32.76}"
2025-09-24 14:30:24.096642184+00:00,dds75-lb-06,2,-41,9.75,"{""Bat"": 3.343, ""Distance_mm"": 689, ""Interrupt_flag"": 0, ""Node_type"": ""DDS75-LB"", ""Sensor_flag"": 1, ""TempC_DS18B20"": 32.76}"
2025-09-24 15:30:23.420320828+00:00,dds75-lb-06,2,-40,9.25,"{""Bat"": 3.343, ""Distance_mm"": 689, ""Interrupt_flag"": 0, ""Node_type"": ""DDS75-LB"", ""Sensor_flag"": 1, ""TempC_DS18B20"": 32.76}"
2025-09-24 16:30:22.729966713+00:00,dds75-lb-06,2,-41,7.75,"{""Bat"": 3.343, ""Distance_mm"": 689, ""Interrupt_flag"": 0, ""Node_type"": ""DDS75-LB"", ""Sensor_flag"": 1, ""TempC_DS18B20"": 32.76}"
2025-09-24 17:30:22.020283512+00:00,dds75-lb-06,2,-115,0.25,"{""Bat"": 3.343, ""Distance_mm"": 689, ""Interrupt_flag"": 0, ""Node_type"": ""DDS75-LB"", ""Sensor_flag"": 1, ""TempC_DS18B20"": 32.76}"
2025-09-24 18:30:21.345634079+00:00,dds75-lb-06,2,-43,9.5,"{""Bat"": 3.343, ""Distance_mm"": 689, ""Interrupt_flag"": 0, ""Node_type"": ""DDS75-LB"", ""Sensor_flag"": 1, ""TempC_DS18B20"": 32.76}"
2025-09-24 19:30:20.636617707+00:00,dds75-lb-06,2,-41,9.25,"{""Bat"": 3.343, ""Distance_mm"": 689, ""Interrupt_flag"": 0, ""Node_type"": ""DDS75-LB"", ""Sensor_flag"": 1, ""TempC_DS18B20"": 32.76}"
2025-09-24 20:30:19.961608456+00:00,dds75-lb-06,2,-41,9.75,"{""Bat"": 3.343, ""Distance_mm"": 689, ""Interrupt_flag"": 0, ""Node_type"": ""DDS75-LB"", ""Sensor_flag"": 1, ""TempC_DS18B20"": 32.76}"
2025-09-24 21:30:19.261712350+00:00,dds75-lb-06,2,-120,-4.25,"{""Bat"": 3.343, ""Distance_mm"": 689, ""Interrupt_flag"": 0, ""Node_type"": ""DDS75-LB"", ""Sensor_flag"": 1, ""TempC_DS18B20"": 32.76}"
2025-09-24 22:30:18.568426287+00:00,dds75-lb-06,2,-38,8.5,"{""Bat"": 3.343, ""Distance_mm"": 689, ""Interrupt_flag"": 0, ""Node_type"": ""DDS75-LB"", ""Sensor_flag"": 1, ""TempC_DS18B20"": 32.76}"
2025-09-24 23:30:17.882200478+00:00,dds75-lb-06,2,-120,-2.25,"{""Bat"": 3.343, ""Distance_mm"": 689, ""Interrupt_flag"": 0, ""Node_type"": ""DDS75-LB"", ""Sensor_flag"": 1, ""TempC_DS18B20"": 32.76}"
2025-09-25 00:30:17.182610692+00:00,dds75-lb-06,2,-120,-4.75,"{""Bat"": 3.343, ""Distance_mm"": 689, ""Interrupt_flag"": 0, ""Node_type"": ""DDS75-LB"", ""Sensor_flag"": 1, ""TempC_DS18B20"": 32.76}"
2025-09-25 01:30:16.497380391+00:00,dds75-lb-06,2,-39,9.25,"{""Bat"": 3.343, ""Distance_mm"": 689, ""Interrupt_flag"": 0, ""Node_type"": ""DDS75-LB"", ""Sensor_flag"": 1, ""TempC_DS18B20"": 32.76}"
2025-09-25 02:30:15.824256527+00:00,dds75-lb-06,2,-41,9.25,"{""Bat"": 3.343, ""Distance_mm"": 689, ""Interrupt_flag"": 0, ""Node_type"": ""DDS75-LB"", ""Sensor_flag"": 1, ""TempC_DS18B20"": 32.76}"
2025-09-25 03:30:15.127899956+00:00,dds75-lb-06,2,-41,7.5,"{""Bat"": 3.343, ""Distance_mm"": 689, ""Interrupt_flag"": 0, ""Node_type"": ""DDS75-LB"", ""Sensor_flag"": 1, ""TempC_DS18B20"": 32.76}"
2025-09-25 04:30:14.429845887+00:00,dds75-lb-06,2,-39,8.75,"{""Bat"": 3.343, ""Distance_mm"": 689, ""Interrupt_flag"": 0, ""Node_type"": ""DDS75-LB"", ""Sensor_flag"": 1, ""TempC_DS18B20"": 32.76}"
2025-09-25 05:30:13.753408821+00:00,dds75-lb-06,2,-42,8.5,"{""Bat"": 3.343, ""Distance_mm"": 689, ""Interrupt_flag"": 0, ""Node_type"": ""DDS75-LB"", ""Sensor_flag"": 1, ""TempC_DS18B20"": 32.76}"
2025-09-25 06:30:13.059025745+00:00,dds75-lb-06,2,-117,-0.25,"{""Bat"": 3.343, ""Distance_mm"": 689, ""Interrupt_flag"": 0, ""Node_type"": ""DDS75-LB"", ""Sensor_flag"": 1, ""TempC_DS18B20"": 32.76}"
2025-09-25 07:30:12.357271002+00:00,dds75-lb-06,2,-120,-3.25,"{""Bat"": 3.343, ""Distance_mm"": 684, ""Interrupt_flag"": 0, ""Node_type"": ""DDS75-LB"", ""Sensor_flag"": 1, ""TempC_DS18B20"": 32.76}"
2025-09-25 08:30:11.671106441+00:00,dds75-lb-06,2,-41,7.25,"{""Bat"": 3.343, ""Distance_mm"": 684, ""Interrupt_flag"": 0, ""Node_type"": ""DDS75-LB"", ""Sensor_flag"": 1, ""TempC_DS18B20"": 32.76}"
2025-09-25 09:30:10.980764198+00:00,dds75-lb-06,2,-42,9.5,"{""Bat"": 3.343, ""Distance_mm"": 684, ""Interrupt_flag"": 0, ""Node_type"": ""DDS75-LB"", ""Sensor_flag"": 1, ""TempC_DS18B20"": 32.76}"
2025-09-25 10:30:10.277583294+00:00,dds75-lb-06,2,-43,9.5,"{""Bat"": 3.343, ""Distance_mm"": 684, ""Interrupt_flag"": 0, ""Node_type"": ""DDS75-LB"", ""Sensor_flag"": 1, ""TempC_DS18B20"": 32.76}"
2025-09-25 11:30:09.607487605+00:00,dds75-lb-06,2,-42,9.0,"{""Bat"": 3.343, ""Distance_mm"": 684, ""Interrupt_flag"": 0, ""Node_type"": ""DDS75-LB"", ""Sensor_flag"": 1, ""TempC_DS18B20"": 32.76}"
2025-09-25 12:30:08.920273681+00:00,dds75-lb-06,2,-40,7.75,"{""Bat"": 3.343, ""Distance_mm"": 684, ""Interrupt_flag"": 0, ""Node_type"": ""DDS75-LB"", ""Sensor_flag"": 1, ""TempC_DS18B20"": 32.76}"
2025-09-25 13:30:08.225834843+00:00,dds75-lb-06,2,-120,-4.25,"{""Bat"": 3.343, ""Distance_mm"": 684, ""Interrupt_flag"": 0, ""Node_type"": ""DDS75-LB"", ""Sensor_flag"": 1, ""TempC_DS18B20"": 32.76}"
2025-09-25 14:30:07.532188644+00:00,dds75-lb-06,2,-44,9.0,"{""Bat"": 3.343, ""Distance_mm"": 684, ""Interrupt_flag"": 0, ""Node_type"": ""DDS75-LB"", ""Sensor_flag"": 1, ""TempC_DS18B20"": 32.76}"
2025-09-25 15:30:06.826516668+00:00,dds75-lb-06,2,-112,-0.25,"{""Bat"": 3.343, ""Distance_mm"": 684, ""Interrupt_flag"": 0, ""Node_type"": ""DDS75-LB"", ""Sensor_flag"": 1, ""TempC_DS18B20"": 32.76}"
2025-09-25 16:30:06.142711844+00:00,dds75-lb-06,2,-41,9.75,"{""Bat"": 3.343, ""Distance_mm"": 684, ""Interrupt_flag"": 0, ""Node_type"": ""DDS75-LB"", ""Sensor_flag"": 1, ""TempC_DS18B20"": 32.76}"
2025-09-25 17:30:05.449404969+00:00,dds75-lb-06,2,-45,10.0,"{""Bat"": 3.343, ""Distance_mm"": 684, ""Interrupt_flag"": 0, ""Node_type"": ""DDS75-LB"", ""Sensor_flag"": 1, ""TempC_DS18B20"": 32.76}"
2025-09-25 18:30:04.766991216+00:00,dds75-lb-06,2,-117,-1.0,"{""Bat"": 3.343, ""Distance_mm"": 684, ""Interrupt_flag"": 0, ""Node_type"": ""DDS75-LB"", ""Sensor_flag"": 1, ""TempC_DS18B20"": 32.76}"
2025-09-25 19:30:04.079109943+00:00,dds75-lb-06,2,-41,10.0,"{""Bat"": 3.343, ""Distance_mm"": 683, ""Interrupt_flag"": 0, ""Node_type"": ""DDS75-LB"", ""Sensor_flag"": 1, ""TempC_DS18B20"": 32.76}"
2025-09-25 20:30:03.371000820+00:00,dds75-lb-06,2,-44,8.75,"{""Bat"": 3.343, ""Distance_mm"": 683, ""Interrupt_flag"": 0, ""Node_type"": ""DDS75-LB"", ""Sensor_flag"": 1, ""TempC_DS18B20"": 32.76}"
2025-09-25 21:30:02.698854332+00:00,dds75-lb-06,2,-43,9.5,"{""Bat"": 3.343, ""Distance_mm"": 684, ""Interrupt_flag"": 0, ""Node_type"": ""DDS75-LB"", ""Sensor_flag"": 1, ""TempC_DS18B20"": 32.76}"
2025-09-25 22:30:02.005957952+00:00,dds75-lb-06,2,-44,9.25,"{""Bat"": 3.343, ""Distance_mm"": 683, ""Interrupt_flag"": 0, ""Node_type"": ""DDS75-LB"", ""Sensor_flag"": 1, ""TempC_DS18B20"": 32.76}"
2025-09-25 23:30:01.320137464+00:00,dds75-lb-06,2,-118,-3.75,"{""Bat"": 3.343, ""Distance_mm"": 683, ""Interrupt_flag"": 0, ""Node_type"": ""DDS75-LB"", ""Sensor_flag"": 1, ""TempC_DS18B20"": 32.76}"
2025-09-26 00:30:00.621103756+00:00,dds75-lb-06,2,-43,9.5,"{""Bat"": 3.343, ""Distance_mm"": 683, ""Interrupt_flag"": 0, ""Node_type"": ""DDS75-LB"", ""Sensor_flag"": 1, ""TempC_DS18B20"": 32.76}"
2025-09-26 01:29:59.930781998+00:00,dds75-lb-06,2,-45,9.75,"{""Bat"": 3.343, ""Distance_mm"": 683, ""Interrupt_flag"": 0, ""Node_type"": ""DDS75-LB"", ""Sensor_flag"": 1, ""TempC_DS18B20"": 32.76}"
2025-09-26 02:29:59.241982754+00:00,dds75-lb-06,2,-42,6.75,"{""Bat"": 3.343, ""Distance_mm"": 683, ""Interrupt_flag"": 0, ""Node_type"": ""DDS75-LB"", ""Sensor_flag"": 1, ""TempC_DS18B20"": 32.76}"
2025-09-26 03:29:58.557792231+00:00,dds75-lb-06,2,-41,7.5,"{""Bat"": 3.343, ""Distance_mm"": 683, ""Interrupt_flag"": 0, ""Node_type"": ""DDS75-LB"", ""Sensor_flag"": 1, ""TempC_DS18B20"": 32.76}"
2025-09-26 04:29:57.879309137+00:00,dds75-lb-06,2,-121,-3.75,"{""Bat"": 3.343, ""Distance_mm"": 683, ""Interrupt_flag"": 0, ""Node_type"": ""DDS75-LB"", ""Sensor_flag"": 1, ""TempC_DS18B20"": 32.76}"
2025-09-26 05:29:57.186699492+00:00,dds75-lb-06,2,-43,10.25,"{""Bat"": 3.343, ""Distance_mm"": 684, ""Interrupt_flag"": 0, ""Node_type"": ""DDS75-LB"", ""Sensor_flag"": 1, ""TempC_DS18B20"": 32.76}"
2025-09-26 06:29:56.507376957+00:00,dds75-lb-06,2,-44,9.5,"{""Bat"": 3.343, ""Distance_mm"": 684, ""Interrupt_flag"": 0, ""Node_type"": ""DDS75-LB"", ""Sensor_flag"": 1, ""TempC_DS18B20"": 32.76}"
